,01G1,01G2,01G3,01G4,01G5,01G6,01P1,01P2,01P3,01P4a,01P5a,01C1,01C1a,01C1b,01C1c,01C1d,02G1,02G2,02G3,02G4,02G5,02G6,02P1,02P2,02P3,02P4a,02P5a,02C1,02C1a,02C1b,02C1c,02C1d,03G1,03G2,03G3,03G4,03G5,03G6,03P1,03P2,03P3,03P4a,03P5a,03C1,03C1a,03C1b,03C1c,03C1d,04G1,04G2,04G3,04G4,04G5,04G6,04P1,04P2,04P3,04P4a,04P5a,04C1,04C1a,04C1b,04C1c,04C1d,05G1,05G2,05G3,05G4,05G5,05G6,05P1,05P2,05P3,05P4a,05P5a,05C1,05C1a,05C1b,05C1c,05C1d,06G1,06G2,06G3,06G4,06G5,06G6,06P1,06P2,06P3,06P4a,06P5a,06C1,06C1a,06C1b,06C1c,06C1d,07G1,07G2,07G3,07G4,07G5,07G6,07P1,07P2,07P3,07P4a,07P5a,07C1,07C1a,07C1b,07C1c,07C1d,08G1,08G2,08G3,08G4,08G5,08G6,08P1,08P2,08P3,08P4a,08P5a,08C1,08C1a,08C1b,08C1c,08C1d,09G1,09G2,09G3,09G4,09G5,09G6,09P1,09P2,09P3,09P4a,09P5a,09C1,09C1a,09C1b,09C1c,09C1d,10G1,10G2,10G3,10G4,10G5,10G6,10P1,10P2,10P3,10P4a,10P5a,10C1,10C1a,10C1b,10C1c,10C1d,11G1,11G2,11G3,11G4,11G5,11G6,11P1,11P2,11P3,11P4a,11P5a,11C1,11C1a,11C1b,11C1c,11C1d,12G1,12G2,12G3,12G4,12G5,12G6,12P1,12P2,12P3,12P4a,12P5a,12C1,12C1a,12C1b,12C1c,12C1d,13G1,13G2,13G3,13G4,13G5,13G6,13P1,13P2,13P3,13P4a,13P5a,13C1,13C1a,13C1b,13C1c,13C1d,14G1,14G2,14G3,14G4,14G5,14G6,14P1,14P2,14P3,14P4a,14P5a,14C1,14C1a,14C1b,14C1c,14C1d
Angola,42328.0,-1.0,0.0,6.0,-87.0,1.2,-620510.0,1.5,0.01,4.0,5.0,0.08,-5.16,0.77,-14.19,18.67,0.0,0.0,0.0,0.0,0.0,0.0,0.0,0.0,0.0,0.0,0.0,0.0,0.0,0.0,0.0,0.0,0.0,0.0,0.0,0.0,0.0,0.0,0.0,0.0,0.0,0.0,0.0,0.0,0.0,0.0,0.0,0.0,0.0,0.0,0.0,0.0,0.0,0.0,0.0,0.0,0.0,0.0,0.0,0.0,0.0,0.0,0.0,0.0,0.0,0.0,0.0,0.0,0.0,0.0,0.0,0.0,0.0,0.0,0.0,0.0,0.0,0.0,0.0,0.0,0.0,0.0,0.0,0.0,0.0,0.0,0.0,0.0,0.0,0.0,0.0,0.0,0.0,0.0,0.0,0.0,0.0,0.0,0.0,0.0,0.0,0.0,0.0,0.0,0.0,0.0,0.0,0.0,0.0,0.0,0.0,0.0,0.0,0.0,0.0,0.0,0.0,0.0,0.0,0.0,0.0,0.0,0.0,0.0,0.0,0.0,0.0,0.0,0.0,0.0,0.0,0.0,0.0,0.0,0.0,0.0,0.0,0.0,0.0,0.0,0.0,0.0,0.0,0.0,0.0,0.0,0.0,0.0,0.0,0.0,0.0,0.0,0.0,0.0,0.0,0.0,0.0,0.0,0.0,0.0,0.0,0.0,0.0,0.0,0.0,0.0,0.0,0.0,0.0,0.0,0.0,0.0,0.0,0.0,0.0,0.0,0.0,0.0,0.0,0.0,0.0,0.0,0.0,0.0,0.0,0.0,0.0,0.0,0.0,0.0,0.0,0.0,0.0,0.0,0.0,0.0,0.0,0.0,0.0,0.0,0.0,0.0,0.0,0.0,0.0,0.0,0.0,0.0,27029284.0,-21.0,98.0,6.0,94.0,0.2,26299980.0,938.1,1.43,1.0,3.0,-4.76,-7.63,6.5,-1.36,-2.27
Benin,245029.0,1.0,59.0,40.0,-62.0,0.9,-826527.0,22.5,0.03,2.0,8.0,2.93,10.81,2.34,-6.66,-3.57,43050.0,-4.0,10.0,8.0,-68.0,1.0,-187059.0,4.0,0.01,6.0,4.0,-3.27,-1.83,-2.85,-6.89,8.31,5784.0,-22.0,1.0,0.0,-62.0,0.7,-19221.0,0.5,0.0,2.0,3.0,-12.66,-8.2,3.89,1.97,-10.32,11061.0,-5.0,2.0,1.0,-54.0,0.8,-26626.0,1.0,0.0,1.0,1.0,-4.12,-4.29,0.39,-1.43,1.21,5922.0,4.0,1.0,6.0,-93.0,0.4,-160334.0,0.5,0.0,9.0,4.0,5.77,12.02,4.3,-4.77,-5.78,0.0,0.0,0.0,0.0,0.0,0.0,0.0,0.0,0.0,0.0,0.0,0.0,0.0,0.0,0.0,0.0,34934.0,-15.0,8.0,6.0,-64.0,1.1,-128232.0,3.2,0.0,8.0,3.0,-7.89,15.62,-8.93,-6.34,-8.24,11361.0,15.0,2.0,3.0,-80.0,0.8,-92588.0,1.0,0.0,14.0,6.0,19.5,35.87,-1.12,-5.25,-10.0,0.0,0.0,0.0,0.0,0.0,0.0,0.0,0.0,0.0,0.0,0.0,0.0,0.0,0.0,0.0,0.0,0.0,0.0,0.0,0.0,0.0,0.0,0.0,0.0,0.0,0.0,0.0,0.0,0.0,0.0,0.0,0.0,5456.0,17.0,1.0,7.0,-94.0,1.4,-197405.0,0.5,0.0,9.0,9.0,17.03,37.58,-2.73,-1.01,-16.81,0.0,0.0,0.0,0.0,0.0,0.0,0.0,0.0,0.0,0.0,0.0,0.0,0.0,0.0,0.0,0.0,5651.0,20.0,1.0,2.0,-80.0,0.4,-47009.0,0.5,0.0,8.0,4.0,22.91,62.44,3.84,-3.97,-39.4,22227.0,-15.0,5.0,18.0,-91.0,1.0,-461425.0,2.0,0.0,3.0,5.0,0.15,28.97,2.6,23.15,-54.56
Botswana,114647.0,6.0,1.0,3.0,-33.0,1.4,-113481.0,50.9,0.02,2.0,4.0,7.49,20.13,0.23,-2.38,-10.49,14415.0,-23.0,0.0,7.0,-93.0,0.8,-446692.0,6.4,0.0,15.0,3.0,-13.05,-6.03,-4.68,4.35,-6.69,11855.0,-6.0,0.0,2.0,-82.0,1.2,-110137.0,5.3,0.0,5.0,3.0,-4.34,-2.88,-1.57,1.27,-1.15,16300.0,-9.0,0.0,0.0,-54.0,1.0,-38561.0,7.2,0.01,2.0,1.0,-6.22,-1.33,-4.15,1.33,-2.06,85265.0,0.0,1.0,8.0,-72.0,1.9,-443167.0,37.9,0.0,4.0,2.0,2.54,1.73,-1.71,2.29,0.22,0.0,0.0,0.0,0.0,0.0,0.0,0.0,0.0,0.0,0.0,0.0,0.0,0.0,0.0,0.0,0.0,30868.0,4.0,0.0,6.0,-84.0,0.6,-338630.0,13.7,0.0,13.0,2.0,8.43,19.69,-1.79,10.43,-19.9,50291.0,-3.0,0.0,7.0,-80.0,0.4,-407074.0,22.3,0.0,23.0,2.0,-1.2,10.31,-3.18,0.36,-8.69,7334.0,-7.0,0.0,2.0,-91.0,3.0,-148693.0,3.3,0.0,13.0,4.0,-4.42,12.28,-2.12,-1.2,-13.37,129670.0,19.0,1.0,3.0,-25.0,0.5,-87248.0,57.6,0.01,1.0,1.0,18.65,3.14,-3.58,17.36,1.73,46778.0,-22.0,0.0,7.0,-80.0,0.7,-391797.0,20.8,0.0,12.0,4.0,-12.8,-0.76,-6.88,-2.49,-2.67,9471.0,-36.0,0.0,1.0,-83.0,1.2,-95958.0,4.2,0.0,3.0,2.0,-16.97,-16.29,-3.54,-0.47,3.33,19928.0,-7.0,0.0,4.0,-86.0,1.5,-249395.0,8.9,0.0,27.0,3.0,-5.18,4.14,-3.79,0.75,-6.29,6733721.0,6.0,91.0,42.0,44.0,0.6,4129144.0,2992.4,0.36,1.0,9.0,31.13,17.79,-0.17,-5.78,19.29
Burkina Faso,720421.0,11.0,28.0,5.0,57.0,0.8,528273.0,38.6,0.1,3.0,6.0,12.75,19.2,-0.04,-0.22,-6.19,29635.0,14.0,1.0,8.0,-81.0,0.8,-254117.0,1.6,0.0,4.0,5.0,15.24,2.3,-0.28,4.3,8.93,0.0,0.0,0.0,0.0,0.0,0.0,0.0,0.0,0.0,0.0,0.0,0.0,0.0,0.0,0.0,0.0,5002.0,-5.0,0.0,2.0,-87.0,0.7,-67278.0,0.3,0.0,4.0,2.0,-3.76,-6.11,-1.87,3.24,0.99,24999.0,28.0,0.0,17.0,-91.0,0.3,-559526.0,1.3,0.0,2.0,2.0,39.04,29.37,1.59,0.4,7.69,0.0,0.0,0.0,0.0,0.0,0.0,0.0,0.0,0.0,0.0,0.0,0.0,0.0,0.0,0.0,0.0,107779.0,122.0,4.0,12.0,-59.0,2.6,-318996.0,5.8,0.01,1.0,1.0,566.5,134.5,1.74,5.32,424.94,28139.0,32.0,1.0,12.0,-87.0,0.8,-388392.0,1.5,0.0,14.0,4.0,48.01,82.23,0.53,1.99,-36.74,0.0,0.0,0.0,0.0,0.0,0.0,0.0,0.0,0.0,0.0,0.0,0.0,0.0,0.0,0.0,0.0,0.0,0.0,0.0,0.0,0.0,0.0,0.0,0.0,0.0,0.0,0.0,0.0,0.0,0.0,0.0,0.0,28104.0,51.0,1.0,7.0,-80.0,0.9,-235444.0,1.5,0.0,7.0,3.0,84.3,98.66,1.26,5.46,-21.09,0.0,0.0,0.0,0.0,0.0,0.0,0.0,0.0,0.0,0.0,0.0,0.0,0.0,0.0,0.0,0.0,11393.0,19.0,0.0,3.0,-83.0,1.2,-118739.0,0.6,0.0,4.0,8.0,21.48,27.9,1.96,1.45,-9.83,11379.0,47.0,0.0,20.0,-96.0,0.6,-670756.0,0.6,0.0,1.0,10.0,170.61,461.0,12.69,45.65,-348.72
Burundi,61396.0,-8.0,49.0,7.0,11.0,0.5,13136.0,5.8,0.01,2.0,5.0,-4.9,4.46,-10.26,-8.93,9.83,18583.0,32.0,14.0,10.0,-55.0,0.4,-46200.0,1.8,0.0,4.0,2.0,43.45,153.98,-3.32,2.34,-109.55,0.0,0.0,0.0,0.0,0.0,0.0,0.0,0.0,0.0,0.0,0.0,0.0,0.0,0.0,0.0,0.0,0.0,0.0,0.0,0.0,0.0,0.0,0.0,0.0,0.0,0.0,0.0,0.0,0.0,0.0,0.0,0.0,5389.0,-4.0,4.0,18.0,-91.0,1.8,-112676.0,0.5,0.0,2.0,3.0,-1.6,2.41,-1.11,-12.93,10.03,1096.0,-12.0,0.0,1.0,-79.0,0.0,-8687.0,0.1,0.0,2.0,4.0,-9.41,83.3,-8.67,-7.98,-76.06,5431.0,4.0,4.0,11.0,-85.0,3.0,-65306.0,0.5,0.0,2.0,1.0,8.64,14.01,-7.23,-4.61,6.48,0.0,0.0,0.0,0.0,0.0,0.0,0.0,0.0,0.0,0.0,0.0,0.0,0.0,0.0,0.0,0.0,0.0,0.0,0.0,0.0,0.0,0.0,0.0,0.0,0.0,0.0,0.0,0.0,0.0,0.0,0.0,0.0,0.0,0.0,0.0,0.0,0.0,0.0,0.0,0.0,0.0,0.0,0.0,0.0,0.0,0.0,0.0,0.0,0.0,0.0,0.0,0.0,0.0,0.0,0.0,0.0,0.0,0.0,0.0,0.0,0.0,0.0,0.0,0.0,0.0,0.0,0.0,0.0,0.0,0.0,0.0,0.0,0.0,0.0,0.0,0.0,0.0,0.0,0.0,0.0,0.0,0.0,0.0,0.0,0.0,0.0,0.0,0.0,0.0,0.0,0.0,0.0,0.0,0.0,0.0,0.0,6701.0,-22.0,5.0,18.0,-89.0,0.9,-109424.0,0.6,0.0,4.0,5.0,-5.9,-8.98,3.01,-21.18,21.25
Cape Verde,23328.0,-17.0,37.0,10.0,-43.0,1.5,-35215.0,43.2,0.0,3.0,1.0,-10.32,-13.99,0.34,5.52,-2.18,28899.0,-2.0,46.0,22.0,-61.0,1.1,-92355.0,53.6,0.0,3.0,2.0,-1.08,0.8,0.18,-3.06,1.0,0.0,0.0,0.0,0.0,0.0,0.0,0.0,0.0,0.0,0.0,0.0,0.0,0.0,0.0,0.0,0.0,0.0,0.0,0.0,0.0,0.0,0.0,0.0,0.0,0.0,0.0,0.0,0.0,0.0,0.0,0.0,0.0,0.0,0.0,0.0,0.0,0.0,0.0,0.0,0.0,0.0,0.0,0.0,0.0,0.0,0.0,0.0,0.0,3647.0,-4.0,5.0,0.0,27.0,3.0,1573.0,6.8,0.0,1.0,1.0,-5.1,-7.04,0.69,2.51,-1.26,0.0,0.0,0.0,0.0,0.0,0.0,0.0,0.0,0.0,0.0,0.0,0.0,0.0,0.0,0.0,0.0,0.0,0.0,0.0,0.0,0.0,0.0,0.0,0.0,0.0,0.0,0.0,0.0,0.0,0.0,0.0,0.0,0.0,0.0,0.0,0.0,0.0,0.0,0.0,0.0,0.0,0.0,0.0,0.0,0.0,0.0,0.0,0.0,0.0,0.0,0.0,0.0,0.0,0.0,0.0,0.0,0.0,0.0,0.0,0.0,0.0,0.0,0.0,0.0,0.0,0.0,0.0,0.0,0.0,0.0,0.0,0.0,0.0,0.0,0.0,0.0,0.0,0.0,0.0,0.0,6404.0,23.0,10.0,1.0,-2.0,1.0,-362.0,11.9,0.0,3.0,1.0,22.57,22.3,-0.61,0.42,0.45,0.0,0.0,0.0,0.0,0.0,0.0,0.0,0.0,0.0,0.0,0.0,0.0,0.0,0.0,0.0,0.0,0.0,0.0,0.0,0.0,0.0,0.0,0.0,0.0,0.0,0.0,0.0,0.0,0.0,0.0,0.0,0.0
Central African Republic,0.0,0.0,0.0,0.0,0.0,0.0,0.0,0.0,0.0,0.0,0.0,0.0,0.0,0.0,0.0,0.0,0.0,0.0,0.0,0.0,0.0,0.0,0.0,0.0,0.0,0.0,0.0,0.0,0.0,0.0,0.0,0.0,28661.0,2.0,32.0,1.0,70.0,0.5,23629.0,6.2,0.01,2.0,5.0,2.05,-2.16,0.62,2.74,0.84,0.0,0.0,0.0,0.0,0.0,0.0,0.0,0.0,0.0,0.0,0.0,0.0,0.0,0.0,0.0,0.0,0.0,0.0,0.0,0.0,0.0,0.0,0.0,0.0,0.0,0.0,0.0,0.0,0.0,0.0,0.0,0.0,0.0,0.0,0.0,0.0,0.0,0.0,0.0,0.0,0.0,0.0,0.0,0.0,0.0,0.0,0.0,0.0,0.0,0.0,0.0,0.0,0.0,0.0,0.0,0.0,0.0,0.0,0.0,0.0,0.0,0.0,0.0,0.0,0.0,0.0,0.0,0.0,0.0,0.0,0.0,0.0,0.0,0.0,0.0,0.0,0.0,0.0,0.0,0.0,0.0,0.0,0.0,0.0,0.0,0.0,0.0,0.0,0.0,0.0,0.0,0.0,0.0,0.0,0.0,0.0,0.0,0.0,0.0,0.0,0.0,0.0,0.0,0.0,0.0,0.0,0.0,0.0,0.0,0.0,0.0,0.0,0.0,0.0,0.0,0.0,0.0,0.0,0.0,0.0,0.0,0.0,0.0,0.0,0.0,0.0,0.0,0.0,0.0,0.0,0.0,0.0,0.0,0.0,0.0,0.0,0.0,0.0,0.0,0.0,0.0,0.0,0.0,0.0,0.0,0.0,0.0,0.0,0.0,0.0,0.0,0.0,0.0,0.0,0.0,0.0,0.0,0.0,0.0,0.0,0.0,0.0,0.0,0.0,0.0,0.0,0.0,0.0,0.0,0.0,0.0,0.0,0.0,0.0,0.0,0.0
Cameroon,1096142.0,4.0,51.0,14.0,20.0,0.9,379396.0,46.8,0.15,2.0,5.0,5.31,9.63,0.83,-0.8,-4.35,68173.0,-4.0,3.0,8.0,-72.0,0.6,-356459.0,2.9,0.01,15.0,8.0,-2.78,-0.5,-2.64,-0.46,0.82,482779.0,2.0,22.0,2.0,63.0,0.9,374434.0,20.6,0.15,4.0,8.0,2.09,-3.19,1.41,-3.07,6.95,4698.0,-8.0,0.0,1.0,-86.0,1.5,-61116.0,0.2,0.0,5.0,4.0,-6.12,-7.36,-0.84,-5.71,7.79,65301.0,-15.0,3.0,13.0,-81.0,0.7,-579873.0,2.8,0.0,3.0,4.0,-8.93,-7.61,-1.73,-6.25,6.67,0.0,0.0,0.0,0.0,0.0,0.0,0.0,0.0,0.0,0.0,0.0,0.0,0.0,0.0,0.0,0.0,173383.0,1.0,8.0,12.0,-56.0,2.6,-446879.0,7.4,0.02,2.0,4.0,5.22,11.56,-3.39,7.24,-10.19,17745.0,-23.0,0.0,9.0,-92.0,1.9,-439170.0,0.8,0.0,8.0,14.0,-12.61,-5.86,-5.88,-3.73,2.85,0.0,0.0,0.0,0.0,0.0,0.0,0.0,0.0,0.0,0.0,0.0,0.0,0.0,0.0,0.0,0.0,2037.0,-17.0,0.0,4.0,-98.0,0.7,-211895.0,0.1,0.0,14.0,8.0,-11.18,-3.81,-2.48,-1.65,-3.24,5989.0,-18.0,0.0,7.0,-96.0,0.4,-370558.0,0.3,0.0,9.0,7.0,-11.15,7.28,-1.38,-3.34,-13.71,0.0,0.0,0.0,0.0,0.0,0.0,0.0,0.0,0.0,0.0,0.0,0.0,0.0,0.0,0.0,0.0,19183.0,-4.0,0.0,4.0,-84.0,1.6,-216261.0,0.8,0.0,8.0,9.0,-3.56,6.82,-3.37,2.06,-9.07,194938.0,-46.0,9.0,12.0,-51.0,1.9,-415611.0,8.3,0.01,4.0,7.0,-16.75,-16.78,1.87,-0.43,-1.41
Chad,79734.0,-3.0,5.0,3.0,55.0,1.1,56798.0,5.5,0.01,3.0,6.0,-1.49,5.26,1.05,-7.67,-0.13,0.0,0.0,0.0,0.0,0.0,0.0,0.0,0.0,0.0,0.0,0.0,0.0,0.0,0.0,0.0,0.0,0.0,0.0,0.0,0.0,0.0,0.0,0.0,0.0,0.0,0.0,0.0,0.0,0.0,0.0,0.0,0.0,0.0,0.0,0.0,0.0,0.0,0.0,0.0,0.0,0.0,0.0,0.0,0.0,0.0,0.0,0.0,0.0,0.0,0.0,0.0,0.0,0.0,0.0,0.0,0.0,0.0,0.0,0.0,0.0,0.0,0.0,0.0,0.0,0.0,0.0,0.0,0.0,0.0,0.0,0.0,0.0,0.0,0.0,0.0,0.0,0.0,0.0,0.0,0.0,0.0,0.0,0.0,0.0,0.0,0.0,0.0,0.0,0.0,0.0,0.0,0.0,0.0,0.0,0.0,0.0,0.0,0.0,0.0,0.0,0.0,0.0,0.0,0.0,0.0,0.0,0.0,0.0,0.0,0.0,0.0,0.0,0.0,0.0,0.0,0.0,0.0,0.0,0.0,0.0,0.0,0.0,0.0,0.0,0.0,0.0,0.0,0.0,0.0,0.0,0.0,0.0,0.0,0.0,0.0,0.0,0.0,0.0,0.0,0.0,0.0,0.0,0.0,0.0,0.0,0.0,0.0,0.0,0.0,0.0,0.0,0.0,0.0,0.0,0.0,0.0,0.0,0.0,0.0,0.0,0.0,0.0,0.0,0.0,0.0,0.0,0.0,0.0,0.0,0.0,0.0,0.0,0.0,0.0,0.0,0.0,0.0,0.0,0.0,0.0,0.0,0.0,0.0,0.0,0.0,0.0,0.0,0.0,0.0,0.0,0.0,0.0,1409224.0,-18.0,93.0,3.0,97.0,0.9,1391236.0,97.5,0.07,1.0,2.0,-2.3,-1.69,1.61,-2.19,-0.03
Comoros,49967.0,48.0,71.0,11.0,5.0,1.5,4980.0,62.8,0.01,2.0,4.0,82.49,50.25,1.07,31.66,-0.5,9680.0,66.0,13.0,13.0,-69.0,6.3,-43084.0,12.2,0.0,1.0,1.0,136.73,77.08,0.04,10.36,49.24,0.0,0.0,0.0,0.0,0.0,0.0,0.0,0.0,0.0,0.0,0.0,0.0,0.0,0.0,0.0,0.0,0.0,0.0,0.0,0.0,0.0,0.0,0.0,0.0,0.0,0.0,0.0,0.0,0.0,0.0,0.0,0.0,0.0,0.0,0.0,0.0,0.0,0.0,0.0,0.0,0.0,0.0,0.0,0.0,0.0,0.0,0.0,0.0,0.0,0.0,0.0,0.0,0.0,0.0,0.0,0.0,0.0,0.0,0.0,0.0,0.0,0.0,0.0,0.0,0.0,0.0,0.0,0.0,0.0,0.0,0.0,0.0,0.0,0.0,0.0,0.0,0.0,0.0,0.0,0.0,0.0,0.0,0.0,0.0,0.0,0.0,0.0,0.0,0.0,0.0,0.0,0.0,0.0,0.0,0.0,0.0,0.0,0.0,0.0,0.0,0.0,0.0,0.0,0.0,0.0,0.0,0.0,0.0,0.0,0.0,0.0,0.0,0.0,0.0,0.0,0.0,0.0,0.0,0.0,0.0,0.0,0.0,0.0,0.0,0.0,0.0,0.0,0.0,0.0,0.0,0.0,0.0,0.0,0.0,0.0,0.0,0.0,0.0,0.0,0.0,0.0,0.0,0.0,0.0,0.0,0.0,0.0,0.0,0.0,0.0,0.0,0.0,0.0,0.0,0.0,0.0,0.0,0.0,0.0,0.0,0.0,0.0,0.0,0.0,0.0,0.0,0.0,0.0,0.0,0.0,0.0,0.0,0.0,0.0,0.0,0.0,0.0,0.0,0.0,0.0,0.0,0.0,0.0,0.0,0.0,0.0,0.0,0.0,0.0,0.0,0.0,0.0
Democratic Republic of the Congo,53741.0,0.0,1.0,7.0,-70.0,1.4,-256417.0,0.7,0.01,4.0,11.0,0.84,0.79,0.74,-1.77,1.08,20559.0,4.0,0.0,12.0,-92.0,0.9,-489240.0,0.3,0.0,5.0,6.0,4.61,-4.82,0.59,3.67,5.17,89835.0,-11.0,1.0,1.0,23.0,1.6,34412.0,1.2,0.03,5.0,7.0,-7.69,-10.72,1.61,14.35,-12.94,0.0,0.0,0.0,0.0,0.0,0.0,0.0,0.0,0.0,0.0,0.0,0.0,0.0,0.0,0.0,0.0,13329.0,-44.0,0.0,17.0,-96.0,1.0,-693884.0,0.2,0.0,4.0,4.0,-17.97,-19.29,-2.62,-14.46,18.4,0.0,0.0,0.0,0.0,0.0,0.0,0.0,0.0,0.0,0.0,0.0,0.0,0.0,0.0,0.0,0.0,3366303.0,-4.0,73.0,11.0,76.0,0.8,2910105.0,43.6,0.3,2.0,3.0,0.0,0.26,-0.85,2.16,-1.57,6731.0,-18.0,0.0,13.0,-97.0,2.6,-556275.0,0.1,0.0,11.0,2.0,-10.12,12.98,-3.44,-4.01,-15.65,1486.0,-2.0,0.0,4.0,-98.0,1.1,-178146.0,0.0,0.0,2.0,3.0,-0.98,-4.74,-2.16,1.13,4.79,0.0,0.0,0.0,0.0,0.0,0.0,0.0,0.0,0.0,0.0,0.0,0.0,0.0,0.0,0.0,0.0,13471.0,-14.0,0.0,7.0,-91.0,1.0,-276908.0,0.2,0.0,3.0,3.0,-9.36,-0.09,-3.57,-8.81,3.1,0.0,0.0,0.0,0.0,0.0,0.0,0.0,0.0,0.0,0.0,0.0,0.0,0.0,0.0,0.0,0.0,12446.0,15.0,0.0,6.0,-91.0,1.0,-268452.0,0.2,0.0,4.0,2.0,16.29,11.45,0.28,1.52,3.04,890176.0,-23.0,19.0,5.0,60.0,1.7,672492.0,11.5,0.05,4.0,4.0,-6.63,-9.97,0.97,-1.73,4.1
Congo,0.0,0.0,0.0,0.0,0.0,0.0,0.0,0.0,0.0,0.0,0.0,0.0,0.0,0.0,0.0,0.0,10378.0,-9.0,0.0,7.0,-94.0,1.2,-336670.0,2.0,0.0,2.0,2.0,-6.03,-10.92,-3.29,2.2,5.97,327234.0,51.0,6.0,1.0,66.0,1.6,261093.0,63.8,0.1,4.0,3.0,87.45,77.16,3.34,-1.58,8.52,0.0,0.0,0.0,0.0,0.0,0.0,0.0,0.0,0.0,0.0,0.0,0.0,0.0,0.0,0.0,0.0,8981.0,-2.0,0.0,6.0,-94.0,1.7,-287026.0,1.8,0.0,2.0,2.0,-0.25,-14.9,-2.94,-1.75,19.34,0.0,0.0,0.0,0.0,0.0,0.0,0.0,0.0,0.0,0.0,0.0,0.0,0.0,0.0,0.0,0.0,966778.0,109.0,20.0,13.0,21.0,1.0,344913.0,188.6,0.08,1.0,4.0,441.37,490.17,-1.72,1.78,-48.87,20566.0,-27.0,0.0,12.0,-93.0,1.7,-560106.0,4.0,0.0,13.0,10.0,-13.93,-12.59,-3.37,-3.44,5.47,0.0,0.0,0.0,0.0,0.0,0.0,0.0,0.0,0.0,0.0,0.0,0.0,0.0,0.0,0.0,0.0,1047.0,-37.0,0.0,5.0,-99.0,1.0,-260377.0,0.2,0.0,8.0,8.0,-17.11,-15.42,-2.45,0.13,0.63,7375.0,-72.0,0.0,29.0,-98.0,2.4,-1333787.0,1.4,0.0,7.0,6.0,-19.89,-19.77,-9.07,-7.48,16.43,0.0,0.0,0.0,0.0,0.0,0.0,0.0,0.0,0.0,0.0,0.0,0.0,0.0,0.0,0.0,0.0,10891.0,-27.0,0.0,5.0,-92.0,1.4,-253678.0,2.1,0.0,4.0,5.0,-14.53,-14.14,-1.18,-5.45,6.24,3309366.0,-13.0,69.0,1.0,97.0,0.9,3261728.0,645.6,0.18,1.0,2.0,2.52,-1.98,2.11,-1.71,4.1
CÃ´te d'Ivoire,7681311.0,10.0,74.0,15.0,72.0,0.7,6432252.0,324.2,1.05,3.0,12.0,11.86,13.33,1.49,0.84,-3.8,567056.0,-5.0,5.0,11.0,-23.0,0.8,-348911.0,23.9,0.08,7.0,6.0,-3.54,-0.7,-1.4,-1.71,0.27,195233.0,-6.0,1.0,1.0,15.0,1.5,51793.0,8.2,0.06,8.0,13.0,-4.11,-3.94,1.27,0.3,-1.73,16930.0,-31.0,0.0,2.0,-85.0,0.9,-206526.0,0.7,0.01,3.0,4.0,-15.43,-12.83,1.67,-7.44,3.18,87788.0,-29.0,0.0,14.0,-85.0,0.5,-1046959.0,3.7,0.0,8.0,5.0,-14.63,-12.56,0.12,-5.72,3.53,10335.0,-36.0,0.0,0.0,-75.0,1.4,-64184.0,0.4,0.0,4.0,6.0,-17.11,-16.05,0.15,-5.18,3.97,23015.0,-31.0,0.0,10.0,-94.0,0.7,-809297.0,1.0,0.0,5.0,7.0,-14.82,-10.3,-1.23,-3.54,0.24,24718.0,-28.0,0.0,9.0,-93.0,1.7,-739677.0,1.0,0.0,6.0,8.0,-14.39,-14.07,-1.81,-6.07,7.57,2960.0,-23.0,0.0,3.0,-97.0,0.2,-265642.0,0.1,0.0,9.0,8.0,-12.94,-11.82,-1.18,6.86,-6.8,6408.0,4.0,0.0,3.0,-95.0,1.0,-269945.0,0.3,0.0,4.0,4.0,3.01,-4.5,-1.94,1.12,8.32,2673.0,-59.0,0.0,6.0,-98.0,0.3,-478101.0,0.1,0.0,12.0,7.0,-19.47,-19.44,-0.72,-3.04,3.72,2534.0,-5.0,0.0,1.0,-95.0,0.5,-118968.0,0.1,0.0,22.0,3.0,-5.07,-2.36,7.42,30.05,-40.18,46749.0,-25.0,0.0,5.0,-81.0,0.4,-408170.0,2.0,0.0,6.0,4.0,-13.64,-12.26,5.41,5.09,-11.89,1173424.0,-22.0,11.0,13.0,5.0,1.1,129221.0,49.5,0.06,3.0,9.0,-5.29,-5.49,3.24,-2.67,-0.36
Djibouti,39219.0,-8.0,38.0,6.0,-74.0,1.4,-234401.0,41.6,0.01,6.0,5.0,-5.09,-9.04,-0.02,-1.18,5.15,1520.0,-9.0,1.0,15.0,-99.0,7.1,-625812.0,1.6,0.0,3.0,3.0,-6.2,-12.68,-0.65,-5.82,12.95,13357.0,39.0,13.0,2.0,-77.0,0.8,-90872.0,14.2,0.0,1.0,1.0,56.43,-3.54,1.63,13.92,44.42,0.0,0.0,0.0,0.0,0.0,0.0,0.0,0.0,0.0,0.0,0.0,0.0,0.0,0.0,0.0,0.0,8535.0,54.0,8.0,11.0,-96.0,0.0,-486002.0,9.1,0.0,2.0,2.0,103.35,107.41,0.82,0.49,-5.37,0.0,0.0,0.0,0.0,0.0,0.0,0.0,0.0,0.0,0.0,0.0,0.0,0.0,0.0,0.0,0.0,0.0,0.0,0.0,0.0,0.0,0.0,0.0,0.0,0.0,0.0,0.0,0.0,0.0,0.0,0.0,0.0,0.0,0.0,0.0,0.0,0.0,0.0,0.0,0.0,0.0,0.0,0.0,0.0,0.0,0.0,0.0,0.0,0.0,0.0,0.0,0.0,0.0,0.0,0.0,0.0,0.0,0.0,0.0,0.0,0.0,0.0,0.0,0.0,0.0,0.0,0.0,0.0,0.0,0.0,0.0,0.0,0.0,0.0,0.0,0.0,0.0,0.0,0.0,0.0,0.0,0.0,0.0,0.0,0.0,0.0,0.0,0.0,0.0,0.0,0.0,0.0,0.0,0.0,0.0,0.0,0.0,0.0,0.0,0.0,0.0,0.0,0.0,0.0,0.0,0.0,0.0,0.0,0.0,0.0,0.0,0.0,0.0,0.0,0.0,0.0,0.0,0.0,0.0,0.0,0.0,0.0,0.0,0.0,0.0,0.0,0.0,0.0,0.0,0.0,0.0,0.0,0.0,0.0,0.0,0.0,0.0,0.0,0.0,0.0,0.0,0.0,0.0,0.0
Equatorial Guinea,3175.0,4.0,0.0,6.0,-90.0,0.9,-63824.0,2.6,0.0,3.0,2.0,4.87,-6.95,-1.29,-0.81,13.92,0.0,0.0,0.0,0.0,0.0,0.0,0.0,0.0,0.0,0.0,0.0,0.0,0.0,0.0,0.0,0.0,279119.0,16.0,6.0,1.0,86.0,1.4,258463.0,228.5,0.08,2.0,1.0,17.2,7.57,3.78,3.41,2.43,0.0,0.0,0.0,0.0,0.0,0.0,0.0,0.0,0.0,0.0,0.0,0.0,0.0,0.0,0.0,0.0,262735.0,-7.0,5.0,6.0,56.0,1.0,189800.0,215.1,0.01,1.0,2.0,-3.88,11.55,0.79,-9.0,-7.23,0.0,0.0,0.0,0.0,0.0,0.0,0.0,0.0,0.0,0.0,0.0,0.0,0.0,0.0,0.0,0.0,0.0,0.0,0.0,0.0,0.0,0.0,0.0,0.0,0.0,0.0,0.0,0.0,0.0,0.0,0.0,0.0,5734.0,-19.0,0.0,12.0,-91.0,0.2,-127555.0,4.7,0.0,5.0,2.0,-10.93,-10.24,-0.77,-4.21,4.29,0.0,0.0,0.0,0.0,0.0,0.0,0.0,0.0,0.0,0.0,0.0,0.0,0.0,0.0,0.0,0.0,0.0,0.0,0.0,0.0,0.0,0.0,0.0,0.0,0.0,0.0,0.0,0.0,0.0,0.0,0.0,0.0,2349.0,-68.0,0.0,21.0,-97.0,0.5,-229251.0,1.9,0.0,6.0,5.0,-19.82,-19.76,11.71,-26.86,15.1,0.0,0.0,0.0,0.0,0.0,0.0,0.0,0.0,0.0,0.0,0.0,0.0,0.0,0.0,0.0,0.0,0.0,0.0,0.0,0.0,0.0,0.0,0.0,0.0,0.0,0.0,0.0,0.0,0.0,0.0,0.0,0.0,4029813.0,-27.0,87.0,0.0,99.0,1.1,4020532.0,3299.1,0.21,2.0,9.0,-9.19,-10.92,2.45,-1.93,1.21
Eritrea,6072.0,0.0,2.0,4.0,-33.0,1.3,-6015.0,1.3,0.0,4.0,2.0,1.15,6.03,-2.95,4.99,-6.91,0.0,0.0,0.0,0.0,0.0,0.0,0.0,0.0,0.0,0.0,0.0,0.0,0.0,0.0,0.0,0.0,0.0,0.0,0.0,0.0,0.0,0.0,0.0,0.0,0.0,0.0,0.0,0.0,0.0,0.0,0.0,0.0,0.0,0.0,0.0,0.0,0.0,0.0,0.0,0.0,0.0,0.0,0.0,0.0,0.0,0.0,0.0,0.0,0.0,0.0,0.0,0.0,0.0,0.0,0.0,0.0,0.0,0.0,0.0,0.0,0.0,0.0,0.0,0.0,0.0,0.0,0.0,0.0,0.0,0.0,0.0,0.0,0.0,0.0,0.0,0.0,0.0,0.0,0.0,0.0,0.0,0.0,0.0,0.0,0.0,0.0,0.0,0.0,0.0,0.0,0.0,0.0,0.0,0.0,0.0,0.0,0.0,0.0,0.0,0.0,0.0,0.0,0.0,0.0,0.0,0.0,0.0,0.0,0.0,0.0,0.0,0.0,0.0,0.0,0.0,0.0,0.0,0.0,0.0,0.0,0.0,0.0,0.0,0.0,0.0,0.0,0.0,0.0,0.0,0.0,0.0,0.0,0.0,0.0,0.0,0.0,0.0,0.0,0.0,0.0,0.0,0.0,0.0,0.0,0.0,0.0,0.0,0.0,0.0,0.0,0.0,0.0,0.0,0.0,0.0,0.0,0.0,0.0,0.0,0.0,1607.0,-5.0,0.0,1.0,-29.0,0.7,-1348.0,0.3,0.0,1.0,1.0,-5.25,-2.9,-5.8,-0.11,3.56,0.0,0.0,0.0,0.0,0.0,0.0,0.0,0.0,0.0,0.0,0.0,0.0,0.0,0.0,0.0,0.0,278093.0,123.0,95.0,0.0,98.0,0.0,276082.0,58.1,0.01,2.0,2.0,967.88,462.86,15.1,-6.21,496.13
Ethiopia,2214770.0,-1.0,84.0,6.0,33.0,0.8,1110966.0,21.6,0.3,6.0,15.0,0.1,-1.2,0.54,1.66,-0.9,41895.0,9.0,1.0,7.0,-93.0,1.9,-1162619.0,0.4,0.01,6.0,12.0,9.91,3.63,0.88,3.25,2.15,1282.0,-28.0,0.0,1.0,-99.0,3.3,-265174.0,0.0,0.0,1.0,1.0,-14.76,-6.12,-4.9,-4.97,1.23,24238.0,-2.0,0.0,1.0,-84.0,0.9,-262187.0,0.2,0.01,12.0,6.0,-1.53,0.03,-1.15,-0.51,0.1,4535.0,-6.0,0.0,14.0,-99.0,0.8,-2353077.0,0.0,0.0,6.0,8.0,-3.34,0.05,-0.34,-6.19,3.14,107351.0,2.0,4.0,0.0,-2.0,1.0,-6491.0,1.0,0.05,4.0,5.0,-0.43,24.79,0.12,-8.22,-17.12,15924.0,62.0,0.0,13.0,-98.0,1.5,-2258416.0,0.2,0.0,4.0,4.0,145.64,168.32,0.08,12.0,-34.76,0.0,0.0,0.0,0.0,0.0,0.0,0.0,0.0,0.0,0.0,0.0,0.0,0.0,0.0,0.0,0.0,0.0,0.0,0.0,0.0,0.0,0.0,0.0,0.0,0.0,0.0,0.0,0.0,0.0,0.0,0.0,0.0,0.0,0.0,0.0,0.0,0.0,0.0,0.0,0.0,0.0,0.0,0.0,0.0,0.0,0.0,0.0,0.0,0.0,0.0,0.0,0.0,0.0,0.0,0.0,0.0,0.0,0.0,0.0,0.0,0.0,0.0,0.0,0.0,56908.0,10.0,2.0,2.0,-73.0,1.2,-308549.0,0.6,0.01,21.0,3.0,7.55,10.15,0.6,-0.04,-3.18,3707.0,6.0,0.0,4.0,-98.0,1.3,-694646.0,0.0,0.0,10.0,10.0,5.59,3.71,-0.18,1.75,0.31,15900.0,-10.0,0.0,8.0,-97.0,1.3,-1438079.0,0.2,0.0,2.0,3.0,5.12,-0.6,10.0,51.0,-55.28
Gabon,20875.0,-23.0,0.0,11.0,-83.0,0.9,-205048.0,10.5,0.0,3.0,8.0,-12.64,7.47,0.93,-8.34,-12.7,7388.0,-26.0,0.0,14.0,-94.0,1.5,-279301.0,3.7,0.0,6.0,5.0,-14.07,19.13,-2.87,-8.05,-22.28,443239.0,0.0,11.0,1.0,88.0,1.2,416085.0,223.9,0.13,4.0,5.0,1.1,-2.61,1.02,3.31,-0.62,0.0,0.0,0.0,0.0,0.0,0.0,0.0,0.0,0.0,0.0,0.0,0.0,0.0,0.0,0.0,0.0,1297.0,-28.0,0.0,10.0,-98.0,0.9,-208025.0,0.7,0.0,23.0,11.0,-14.2,-13.21,-0.94,-1.03,0.99,0.0,0.0,0.0,0.0,0.0,0.0,0.0,0.0,0.0,0.0,0.0,0.0,0.0,0.0,0.0,0.0,40961.0,63.0,1.0,10.0,-66.0,1.0,-165722.0,20.7,0.0,4.0,4.0,152.63,197.01,3.9,22.41,-70.7,13399.0,-7.0,0.0,16.0,-91.0,3.6,-304304.0,6.8,0.0,21.0,7.0,-3.86,1.17,-1.73,-0.93,-2.37,1584.0,7.0,0.0,4.0,-96.0,0.0,-79602.0,0.8,0.0,4.0,6.0,8.28,4.93,-0.53,-0.53,4.41,1012.0,-30.0,0.0,5.0,-98.0,0.0,-105855.0,0.5,0.0,21.0,11.0,-15.46,-15.46,0.71,2.14,-2.85,9711.0,-67.0,0.0,7.0,-87.0,4.1,-132756.0,4.9,0.0,10.0,7.0,-19.78,-19.71,-1.35,7.86,-6.59,0.0,0.0,0.0,0.0,0.0,0.0,0.0,0.0,0.0,0.0,0.0,0.0,0.0,0.0,0.0,0.0,5685.0,-19.0,0.0,8.0,-92.0,1.4,-147569.0,2.9,0.0,3.0,3.0,-11.55,-12.4,0.24,-0.38,0.99,3366850.0,-24.0,85.0,1.0,98.0,1.2,3335138.0,1700.6,0.18,1.0,5.0,-6.84,-7.83,2.57,0.14,-1.72
Gambia,19992.0,23.0,21.0,16.0,-51.0,0.7,-42940.0,9.8,0.0,5.0,3.0,28.83,44.2,3.25,12.9,-31.52,43600.0,15.0,46.0,26.0,-40.0,0.4,-58912.0,21.4,0.01,10.0,2.0,17.02,-1.83,-0.1,0.77,18.19,0.0,0.0,0.0,0.0,0.0,0.0,0.0,0.0,0.0,0.0,0.0,0.0,0.0,0.0,0.0,0.0,8124.0,-38.0,8.0,2.0,-16.0,0.4,-3295.0,4.0,0.0,1.0,3.0,-17.19,-0.37,2.74,-20.14,0.57,0.0,0.0,0.0,0.0,0.0,0.0,0.0,0.0,0.0,0.0,0.0,0.0,0.0,0.0,0.0,0.0,0.0,0.0,0.0,0.0,0.0,0.0,0.0,0.0,0.0,0.0,0.0,0.0,0.0,0.0,0.0,0.0,0.0,0.0,0.0,0.0,0.0,0.0,0.0,0.0,0.0,0.0,0.0,0.0,0.0,0.0,0.0,0.0,0.0,0.0,0.0,0.0,0.0,0.0,0.0,0.0,0.0,0.0,0.0,0.0,0.0,0.0,0.0,0.0,0.0,0.0,0.0,0.0,0.0,0.0,0.0,0.0,0.0,0.0,0.0,0.0,0.0,0.0,0.0,0.0,0.0,0.0,0.0,0.0,0.0,0.0,0.0,0.0,0.0,0.0,0.0,0.0,0.0,0.0,0.0,0.0,0.0,0.0,0.0,0.0,0.0,0.0,0.0,0.0,0.0,0.0,0.0,0.0,0.0,0.0,0.0,0.0,0.0,0.0,0.0,0.0,0.0,0.0,0.0,0.0,0.0,0.0,0.0,0.0,0.0,0.0,0.0,0.0,0.0,0.0,0.0,0.0,0.0,0.0,0.0,0.0,0.0,0.0,0.0,0.0,0.0,0.0,0.0,0.0,0.0,0.0,0.0,0.0,0.0,0.0,0.0,0.0,0.0,0.0,0.0,0.0,0.0,0.0,0.0,0.0
Ghana,3021994.0,4.0,28.0,8.0,50.0,1.0,2037344.0,107.1,0.41,2.0,10.0,5.65,2.87,0.67,3.07,-0.96,225930.0,-1.0,2.0,6.0,-52.0,0.8,-498509.0,8.0,0.03,7.0,9.0,-0.38,2.3,-1.47,-4.69,3.49,492154.0,6.0,4.0,3.0,9.0,1.3,88839.0,17.4,0.15,2.0,2.0,6.01,-7.31,-2.07,-1.84,17.22,13266.0,-4.0,0.0,1.0,-85.0,0.4,-160732.0,0.5,0.0,3.0,9.0,-2.84,10.72,2.86,-11.47,-4.94,411819.0,11.0,3.0,12.0,-53.0,0.6,-954992.0,14.6,0.02,4.0,3.0,13.71,-9.14,-0.88,5.5,18.22,1446.0,-34.0,0.0,0.0,-95.0,1.0,-55886.0,0.1,0.0,6.0,5.0,-16.72,-11.42,-5.98,-10.78,11.46,139351.0,-10.0,1.0,15.0,-85.0,1.9,-1656610.0,4.9,0.01,7.0,8.0,-4.42,-1.24,-1.57,-4.54,2.92,75165.0,-15.0,0.0,14.0,-91.0,0.4,-1589691.0,2.7,0.01,3.0,2.0,-8.58,-11.03,-0.2,-5.62,8.27,7862.0,4.0,0.0,2.0,-93.0,0.9,-243960.0,0.3,0.0,1.0,1.0,4.8,5.52,-1.4,4.55,-3.87,2784.0,-34.0,0.0,5.0,-99.0,0.8,-590986.0,0.1,0.0,3.0,2.0,-16.52,-16.32,-1.34,-2.9,4.03,9968.0,-19.0,0.0,15.0,-98.0,0.2,-1761128.0,0.4,0.0,6.0,6.0,-11.73,-7.4,-1.01,11.4,-14.72,1968.0,11.0,0.0,0.0,-94.0,1.0,-74684.0,0.1,0.0,2.0,5.0,8.33,3.08,6.41,10.13,-11.29,280562.0,28.0,2.0,10.0,-61.0,1.2,-905933.0,9.9,0.02,2.0,1.0,35.21,3.61,8.84,-7.33,30.08,1540416.0,-24.0,14.0,2.0,72.0,0.4,1297747.0,54.6,0.08,2.0,3.0,-6.98,-9.25,2.88,-6.02,5.41
Guinea,219664.0,-8.0,10.0,10.0,-23.0,1.4,-133343.0,17.7,0.03,8.0,9.0,-5.26,-3.84,0.29,-17.55,15.84,11851.0,30.0,0.0,9.0,-92.0,0.5,-303574.0,1.0,0.0,3.0,3.0,39.31,27.92,0.11,1.86,9.42,0.0,0.0,0.0,0.0,0.0,0.0,0.0,0.0,0.0,0.0,0.0,0.0,0.0,0.0,0.0,0.0,0.0,0.0,0.0,0.0,0.0,0.0,0.0,0.0,0.0,0.0,0.0,0.0,0.0,0.0,0.0,0.0,0.0,0.0,0.0,0.0,0.0,0.0,0.0,0.0,0.0,0.0,0.0,0.0,0.0,0.0,0.0,0.0,0.0,0.0,0.0,0.0,0.0,0.0,0.0,0.0,0.0,0.0,0.0,0.0,0.0,0.0,0.0,0.0,0.0,0.0,0.0,0.0,0.0,0.0,0.0,0.0,0.0,0.0,0.0,0.0,0.0,0.0,0.0,0.0,4387.0,-46.0,0.0,9.0,-97.0,0.0,-297858.0,0.4,0.0,11.0,6.0,-18.23,-17.89,0.03,-8.47,8.1,0.0,0.0,0.0,0.0,0.0,0.0,0.0,0.0,0.0,0.0,0.0,0.0,0.0,0.0,0.0,0.0,0.0,0.0,0.0,0.0,0.0,0.0,0.0,0.0,0.0,0.0,0.0,0.0,0.0,0.0,0.0,0.0,55892.0,35.0,2.0,10.0,-71.0,0.1,-276113.0,4.5,0.0,1.0,1.0,45.03,161.02,-1.05,-0.43,-114.51,0.0,0.0,0.0,0.0,0.0,0.0,0.0,0.0,0.0,0.0,0.0,0.0,0.0,0.0,0.0,0.0,1881.0,-63.0,0.0,6.0,-98.0,0.6,-216935.0,0.2,0.0,19.0,7.0,-19.66,-19.62,1.68,-13.41,11.7,1390399.0,53.0,63.0,12.0,53.0,0.8,970787.0,112.2,0.07,1.0,4.0,201.48,31.67,-5.63,4.23,171.22
Guinea-Bissau,265832.0,12.0,97.0,10.0,76.0,0.8,229709.0,146.4,0.04,2.0,2.0,14.31,-1.31,9.72,9.36,-3.46,0.0,0.0,0.0,0.0,0.0,0.0,0.0,0.0,0.0,0.0,0.0,0.0,0.0,0.0,0.0,0.0,0.0,0.0,0.0,0.0,0.0,0.0,0.0,0.0,0.0,0.0,0.0,0.0,0.0,0.0,0.0,0.0,0.0,0.0,0.0,0.0,0.0,0.0,0.0,0.0,0.0,0.0,0.0,0.0,0.0,0.0,0.0,0.0,0.0,0.0,0.0,0.0,0.0,0.0,0.0,0.0,0.0,0.0,0.0,0.0,0.0,0.0,0.0,0.0,0.0,0.0,0.0,0.0,0.0,0.0,0.0,0.0,0.0,0.0,0.0,0.0,0.0,0.0,0.0,0.0,0.0,0.0,0.0,0.0,0.0,0.0,0.0,0.0,0.0,0.0,0.0,0.0,0.0,0.0,0.0,0.0,0.0,0.0,0.0,0.0,0.0,0.0,0.0,0.0,0.0,0.0,0.0,0.0,0.0,0.0,0.0,0.0,0.0,0.0,0.0,0.0,0.0,0.0,0.0,0.0,0.0,0.0,0.0,0.0,0.0,0.0,0.0,0.0,0.0,0.0,0.0,0.0,0.0,0.0,0.0,0.0,0.0,0.0,0.0,0.0,0.0,0.0,0.0,0.0,0.0,0.0,0.0,0.0,0.0,0.0,0.0,0.0,0.0,0.0,0.0,0.0,0.0,0.0,0.0,0.0,0.0,0.0,0.0,0.0,0.0,0.0,0.0,0.0,0.0,0.0,0.0,0.0,0.0,0.0,0.0,0.0,0.0,0.0,0.0,0.0,0.0,0.0,0.0,0.0,0.0,0.0,0.0,0.0,0.0,0.0,0.0,0.0,0.0,0.0,0.0,0.0,0.0,0.0,0.0,0.0,0.0,0.0,0.0,0.0,0.0,0.0,0.0,0.0
Kenya,2705891.0,1.0,56.0,6.0,47.0,2.0,1732300.0,55.8,0.37,5.0,11.0,2.17,0.1,-0.03,-0.56,2.66,379720.0,-14.0,7.0,5.0,-40.0,2.0,-518625.0,7.8,0.05,12.0,11.0,-9.17,-8.87,-1.77,-2.71,4.17,43536.0,-20.0,0.0,3.0,-83.0,1.1,-447440.0,0.9,0.01,12.0,5.0,-12.06,-11.85,1.88,-3.41,1.32,24726.0,-30.0,0.0,5.0,-93.0,0.9,-766921.0,0.5,0.01,12.0,6.0,-15.16,-15.02,1.51,-4.16,2.51,314253.0,-17.0,6.0,14.0,-74.0,1.3,-1870712.0,6.5,0.02,10.0,5.0,-9.85,-9.93,0.44,-2.88,2.52,98867.0,-7.0,2.0,2.0,-53.0,0.8,-227365.0,2.0,0.05,6.0,6.0,-7.01,10.44,0.89,-7.66,-10.69,174120.0,-21.0,3.0,11.0,-81.0,1.6,-1575361.0,3.6,0.02,14.0,3.0,-11.04,-7.85,-0.34,-3.66,0.82,105215.0,2.0,2.0,9.0,-86.0,1.5,-1310772.0,2.2,0.01,2.0,2.0,4.26,-3.13,-2.4,0.6,9.19,14263.0,-36.0,0.0,5.0,-96.0,1.8,-792721.0,0.3,0.0,9.0,9.0,-16.71,-16.03,2.15,-3.23,0.4,40044.0,-8.0,0.0,5.0,-90.0,0.9,-756990.0,0.8,0.0,8.0,5.0,-6.84,-4.26,-0.38,1.89,-4.1,27503.0,-23.0,0.0,8.0,-95.0,4.7,-1286640.0,0.6,0.0,7.0,3.0,-13.37,-9.82,-5.07,-0.32,1.84,377522.0,11.0,7.0,6.0,-45.0,1.0,-639413.0,7.8,0.08,10.0,1.0,8.16,5.6,2.05,-2.07,2.58,150813.0,-16.0,3.0,7.0,-76.0,0.9,-972243.0,3.1,0.01,23.0,7.0,-10.1,-9.85,1.76,-1.63,-0.37,309379.0,-5.0,6.0,8.0,-62.0,1.7,-1009698.0,6.4,0.02,5.0,8.0,12.02,-1.81,19.74,1.47,-7.37
Lesotho,55747.0,8.0,6.0,9.0,-40.0,0.9,-76537.0,25.3,0.01,6.0,2.0,9.61,14.7,0.41,-10.81,5.32,24416.0,-28.0,2.0,16.0,-79.0,1.5,-193768.0,11.1,0.0,3.0,1.0,-14.78,-4.09,-4.8,-11.02,5.14,4164.0,-27.0,0.0,3.0,-81.0,0.5,-36065.0,1.9,0.0,1.0,1.0,-14.5,-7.19,0.43,-3.63,-4.11,15861.0,-17.0,1.0,10.0,-80.0,0.7,-127049.0,7.2,0.01,4.0,1.0,-10.65,-10.39,-2.8,-5.49,8.03,0.0,0.0,0.0,0.0,0.0,0.0,0.0,0.0,0.0,0.0,0.0,0.0,0.0,0.0,0.0,0.0,20715.0,-7.0,2.0,2.0,-25.0,1.6,-14140.0,9.4,0.01,4.0,1.0,-6.91,-5.51,-7.66,5.79,0.46,0.0,0.0,0.0,0.0,0.0,0.0,0.0,0.0,0.0,0.0,0.0,0.0,0.0,0.0,0.0,0.0,0.0,0.0,0.0,0.0,0.0,0.0,0.0,0.0,0.0,0.0,0.0,0.0,0.0,0.0,0.0,0.0,8909.0,-10.0,0.0,2.0,-62.0,1.1,-29137.0,4.0,0.0,1.0,1.0,-6.89,-7.34,-3.7,3.65,0.5,45339.0,-7.0,5.0,4.0,-15.0,2.9,-17009.0,20.6,0.0,2.0,2.0,-6.34,0.83,-2.88,-7.07,2.78,0.0,0.0,0.0,0.0,0.0,0.0,0.0,0.0,0.0,0.0,0.0,0.0,0.0,0.0,0.0,0.0,431014.0,3.0,48.0,4.0,76.0,1.3,373623.0,195.6,0.09,9.0,2.0,1.02,0.02,0.04,0.31,0.65,23259.0,15.0,2.0,6.0,-56.0,0.6,-59423.0,10.6,0.0,1.0,1.0,15.73,13.88,-0.38,-0.42,2.64,255319.0,76.0,28.0,12.0,20.0,0.7,86706.0,115.9,0.01,1.0,1.0,370.97,195.53,3.55,80.56,91.34
Liberia,239067.0,-6.0,25.0,1.0,20.0,1.1,79757.0,51.8,0.03,2.0,5.0,-3.77,6.2,1.28,-4.83,-6.42,0.0,0.0,0.0,0.0,0.0,0.0,0.0,0.0,0.0,0.0,0.0,0.0,0.0,0.0,0.0,0.0,32938.0,-17.0,3.0,0.0,31.0,1.6,15909.0,7.1,0.01,2.0,1.0,-10.43,-13.5,2.52,3.33,-2.77,0.0,0.0,0.0,0.0,0.0,0.0,0.0,0.0,0.0,0.0,0.0,0.0,0.0,0.0,0.0,0.0,0.0,0.0,0.0,0.0,0.0,0.0,0.0,0.0,0.0,0.0,0.0,0.0,0.0,0.0,0.0,0.0,0.0,0.0,0.0,0.0,0.0,0.0,0.0,0.0,0.0,0.0,0.0,0.0,0.0,0.0,0.0,0.0,1257.0,-17.0,0.0,1.0,-98.0,0.0,-156237.0,0.3,0.0,6.0,5.0,-8.78,-7.16,-0.45,2.25,-3.42,7469.0,3.0,0.0,2.0,-94.0,0.9,-250337.0,1.6,0.0,22.0,5.0,5.51,12.5,-1.02,-5.03,-0.95,0.0,0.0,0.0,0.0,0.0,0.0,0.0,0.0,0.0,0.0,0.0,0.0,0.0,0.0,0.0,0.0,3460.0,30.0,0.0,0.0,-88.0,1.0,-52078.0,0.7,0.0,9.0,5.0,35.4,33.63,0.29,34.26,-32.79,265736.0,-2.0,28.0,65.0,-91.0,0.9,-5954864.0,57.6,0.02,2.0,2.0,-2.34,11.28,2.08,-4.52,-11.17,0.0,0.0,0.0,0.0,0.0,0.0,0.0,0.0,0.0,0.0,0.0,0.0,0.0,0.0,0.0,0.0,33446.0,85.0,3.0,0.0,-45.0,0.7,-55327.0,7.2,0.0,1.0,1.0,216.86,1.73,0.18,-2.58,217.53,198590.0,-19.0,21.0,3.0,-29.0,0.8,-169419.0,43.0,0.01,3.0,8.0,-3.16,-0.86,4.48,-1.41,-5.38
Madagascar,811057.0,25.0,35.0,6.0,62.0,1.0,624509.0,32.6,0.11,4.0,7.0,31.81,5.22,2.66,9.99,13.93,219543.0,6.0,9.0,11.0,-21.0,0.9,-119868.0,8.8,0.03,5.0,3.0,6.15,2.48,-0.49,3.4,0.76,14279.0,2.0,0.0,2.0,-67.0,1.3,-59371.0,0.6,0.0,3.0,5.0,2.12,18.17,-2.75,0.1,-13.4,49524.0,6.0,2.0,12.0,-75.0,1.6,-308900.0,2.0,0.02,11.0,2.0,6.03,15.78,-8.33,6.36,-7.79,26118.0,38.0,1.0,12.0,-86.0,1.3,-343617.0,1.0,0.0,2.0,8.0,59.37,143.98,-0.46,3.0,-87.16,6810.0,-22.0,0.0,0.0,-55.0,2.6,-16979.0,0.3,0.0,4.0,1.0,-13.54,-12.14,-0.25,8.05,-9.2,487539.0,58.0,21.0,8.0,33.0,0.7,245299.0,19.6,0.04,1.0,7.0,131.67,143.42,-0.39,8.37,-19.73,20726.0,12.0,0.0,7.0,-82.0,0.7,-199635.0,0.8,0.0,13.0,4.0,15.38,18.65,-0.76,10.09,-12.6,3027.0,20.0,0.0,2.0,-91.0,0.4,-63616.0,0.1,0.0,13.0,3.0,24.61,26.37,-0.93,3.1,-3.93,3613.0,8.0,0.0,2.0,-91.0,0.3,-74898.0,0.1,0.0,12.0,4.0,6.53,17.19,-1.58,25.05,-34.12,6063.0,0.0,0.0,6.0,-93.0,0.5,-183935.0,0.2,0.0,13.0,9.0,-0.36,43.78,-0.52,19.86,-63.49,468665.0,11.0,20.0,1.0,87.0,1.7,437876.0,18.8,0.1,18.0,5.0,8.28,12.26,-0.11,-1.35,-2.52,40283.0,4.0,1.0,5.0,-61.0,0.9,-130130.0,1.6,0.0,11.0,3.0,3.89,20.8,0.77,-1.84,-15.85,160749.0,-12.0,7.0,19.0,-55.0,1.6,-404650.0,6.5,0.01,5.0,9.0,3.88,3.47,6.02,-0.43,-5.18
Malawi,737905.0,-5.0,84.0,6.0,81.0,1.1,661389.0,40.8,0.1,2.0,12.0,-2.83,-2.97,0.07,-2.68,2.76,103278.0,12.0,11.0,6.0,14.0,5.1,26407.0,5.7,0.01,3.0,8.0,13.27,26.05,-1.51,-5.77,-5.51,6654.0,-25.0,0.0,3.0,-68.0,0.7,-29557.0,0.4,0.0,4.0,2.0,-13.83,-11.95,0.28,-7.6,5.45,0.0,0.0,0.0,0.0,0.0,0.0,0.0,0.0,0.0,0.0,0.0,0.0,0.0,0.0,0.0,0.0,3764.0,-16.0,0.0,25.0,-97.0,0.9,-290419.0,0.2,0.0,6.0,4.0,-9.21,-5.9,-0.71,2.69,-5.28,0.0,0.0,0.0,0.0,0.0,0.0,0.0,0.0,0.0,0.0,0.0,0.0,0.0,0.0,0.0,0.0,2225.0,-10.0,0.0,9.0,-96.0,0.0,-109229.0,0.1,0.0,4.0,3.0,-4.56,-9.95,0.33,-6.15,11.21,3740.0,-19.0,0.0,8.0,-92.0,0.2,-94707.0,0.2,0.0,5.0,4.0,-10.61,-6.07,-4.13,-2.18,1.77,1269.0,4.0,0.0,4.0,-94.0,0.0,-46626.0,0.1,0.0,3.0,6.0,5.15,10.53,-1.95,2.63,-6.06,1171.0,-1.0,0.0,5.0,-96.0,0.0,-61307.0,0.1,0.0,3.0,3.0,-2.3,-10.49,-3.07,-3.37,14.63,1998.0,-35.0,0.0,7.0,-95.0,0.4,-79023.0,0.1,0.0,4.0,3.0,-16.62,-10.02,-10.02,-1.05,4.47,1797.0,-27.0,0.0,4.0,-93.0,1.1,-54945.0,0.1,0.0,2.0,1.0,-14.93,-16.11,1.09,-3.34,3.42,4988.0,-31.0,0.0,9.0,-90.0,0.6,-98427.0,0.3,0.0,6.0,2.0,-15.67,-13.64,-3.27,0.33,0.92,2483.0,-63.0,0.0,2.0,-81.0,0.7,-21360.0,0.1,0.0,4.0,3.0,-19.3,-19.68,4.28,-20.1,16.19
Mali,289929.0,-13.0,26.0,6.0,21.0,0.8,100887.0,16.1,0.04,3.0,5.0,-8.35,-9.93,-0.08,-17.73,19.39,10631.0,-8.0,0.0,9.0,-93.0,0.4,-289140.0,0.6,0.0,5.0,8.0,-5.56,-5.89,-1.48,-3.25,5.05,0.0,0.0,0.0,0.0,0.0,0.0,0.0,0.0,0.0,0.0,0.0,0.0,0.0,0.0,0.0,0.0,0.0,0.0,0.0,0.0,0.0,0.0,0.0,0.0,0.0,0.0,0.0,0.0,0.0,0.0,0.0,0.0,69450.0,-20.0,6.0,14.0,-72.0,0.2,-374061.0,3.9,0.0,1.0,1.0,-11.37,-11.66,-1.42,0.0,1.71,6837.0,-23.0,0.0,0.0,-57.0,1.0,-18496.0,0.4,0.0,3.0,2.0,-13.77,-9.08,3.46,-12.44,4.29,0.0,0.0,0.0,0.0,0.0,0.0,0.0,0.0,0.0,0.0,0.0,0.0,0.0,0.0,0.0,0.0,12721.0,-29.0,1.0,13.0,-94.0,0.6,-400134.0,0.7,0.0,9.0,4.0,-14.65,-13.07,0.63,-0.9,-1.3,2040.0,12.0,0.0,4.0,-97.0,0.7,-148220.0,0.1,0.0,7.0,4.0,13.79,19.79,-1.21,5.61,-10.41,3522.0,16.0,0.0,3.0,-94.0,0.0,-111644.0,0.2,0.0,5.0,6.0,14.74,7.57,0.54,-2.14,8.77,5662.0,-35.0,0.0,12.0,-97.0,5.6,-400615.0,0.3,0.0,5.0,3.0,-16.56,-16.7,4.72,2.86,-7.44,0.0,0.0,0.0,0.0,0.0,0.0,0.0,0.0,0.0,0.0,0.0,0.0,0.0,0.0,0.0,0.0,7481.0,0.0,0.0,6.0,-92.0,0.9,-186478.0,0.4,0.0,5.0,4.0,0.03,-3.33,7.29,-10.39,6.45,1176.0,-58.0,0.0,12.0,-99.0,1.5,-377777.0,0.1,0.0,3.0,4.0,-18.86,-19.02,0.71,8.17,-8.73
Mauritania,607716.0,1.0,35.0,8.0,52.0,1.1,416749.0,141.3,0.08,3.0,8.0,2.69,-1.27,-1.73,-1.56,7.26,393289.0,-2.0,22.0,9.0,27.0,0.9,169602.0,91.4,0.05,2.0,6.0,-1.8,0.85,-1.75,-1.02,0.11,0.0,0.0,0.0,0.0,0.0,0.0,0.0,0.0,0.0,0.0,0.0,0.0,0.0,0.0,0.0,0.0,0.0,0.0,0.0,0.0,0.0,0.0,0.0,0.0,0.0,0.0,0.0,0.0,0.0,0.0,0.0,0.0,0.0,0.0,0.0,0.0,0.0,0.0,0.0,0.0,0.0,0.0,0.0,0.0,0.0,0.0,0.0,0.0,0.0,0.0,0.0,0.0,0.0,0.0,0.0,0.0,0.0,0.0,0.0,0.0,0.0,0.0,0.0,0.0,0.0,0.0,0.0,0.0,0.0,0.0,0.0,0.0,0.0,0.0,0.0,0.0,0.0,0.0,0.0,0.0,0.0,0.0,0.0,0.0,0.0,0.0,0.0,0.0,0.0,0.0,0.0,0.0,0.0,0.0,0.0,0.0,0.0,0.0,0.0,0.0,0.0,0.0,0.0,0.0,0.0,0.0,0.0,0.0,0.0,0.0,0.0,0.0,0.0,0.0,0.0,0.0,0.0,0.0,0.0,0.0,0.0,0.0,0.0,0.0,0.0,0.0,0.0,0.0,0.0,0.0,0.0,0.0,0.0,0.0,0.0,0.0,0.0,0.0,0.0,0.0,0.0,0.0,0.0,0.0,0.0,0.0,0.0,0.0,0.0,0.0,0.0,0.0,0.0,0.0,0.0,0.0,0.0,0.0,0.0,0.0,0.0,0.0,0.0,0.0,0.0,0.0,0.0,0.0,0.0,0.0,0.0,0.0,0.0,0.0,0.0,0.0,751462.0,-18.0,43.0,19.0,25.0,0.8,304514.0,174.7,0.04,2.0,2.0,-2.23,-0.49,6.2,-0.02,-7.93
Mauritius,231685.0,17.0,10.0,14.0,-47.0,1.8,-424134.0,183.4,0.03,6.0,10.0,21.04,9.74,0.11,7.15,4.04,579875.0,-4.0,26.0,12.0,1.0,1.5,16175.0,459.0,0.08,4.0,9.0,-3.17,1.3,-0.11,-2.85,-1.51,9645.0,-10.0,0.0,2.0,-83.0,1.3,-98423.0,7.6,0.0,11.0,4.0,-7.18,-7.29,1.61,2.01,-3.51,102983.0,0.0,4.0,5.0,-39.0,1.1,-136883.0,81.5,0.04,19.0,3.0,0.78,-2.8,0.33,3.4,-0.14,94787.0,4.0,4.0,9.0,-65.0,1.2,-357505.0,75.0,0.01,6.0,4.0,5.46,9.05,0.43,2.57,-6.6,21433.0,8.0,0.0,1.0,-48.0,2.0,-40168.0,17.0,0.01,9.0,3.0,5.16,15.19,-0.04,-1.22,-8.78,14498.0,-19.0,0.0,6.0,-91.0,1.2,-296297.0,11.5,0.0,17.0,4.0,-9.87,-5.64,0.61,-0.13,-4.71,17419.0,-14.0,0.0,6.0,-88.0,2.7,-269401.0,13.8,0.0,24.0,5.0,-8.48,-9.64,-0.2,1.83,-0.47,119313.0,62.0,5.0,7.0,-48.0,0.9,-221765.0,94.4,0.01,2.0,4.0,127.03,119.53,0.32,1.01,6.18,16241.0,-9.0,0.0,3.0,-81.0,0.9,-147255.0,12.9,0.0,12.0,5.0,-7.34,-1.1,1.64,-7.31,-0.56,19978.0,26.0,0.0,7.0,-89.0,1.4,-349884.0,15.8,0.0,3.0,3.0,30.48,184.44,1.5,3.84,-159.31,665373.0,-5.0,30.0,1.0,77.0,1.7,580627.0,526.6,0.14,9.0,6.0,-5.15,-3.94,0.21,-0.86,-0.56,174067.0,-2.0,7.0,6.0,-29.0,2.0,-148101.0,137.8,0.01,16.0,5.0,-1.43,-2.22,1.4,1.47,-2.08,114798.0,7.0,5.0,15.0,-72.0,1.0,-601088.0,90.9,0.01,2.0,4.0,33.38,4.19,5.24,19.81,4.14
Mozambique,433613.0,1.0,12.0,8.0,-4.0,0.0,-40905.0,15.0,0.06,4.0,19.0,2.92,7.88,1.43,-0.12,-6.26,149603.0,-11.0,4.0,6.0,-42.0,0.0,-217680.0,5.2,0.02,8.0,7.0,-7.21,-0.43,-1.1,-6.21,0.53,31025.0,-27.0,0.0,2.0,-55.0,0.0,-78123.0,1.1,0.01,6.0,1.0,-14.22,-14.69,4.25,4.43,-8.22,1844.0,0.0,0.0,1.0,-95.0,0.0,-88023.0,0.1,0.0,6.0,2.0,0.71,-2.81,-5.5,-0.05,9.07,463169.0,39.0,13.0,14.0,-24.0,0.0,-304559.0,16.1,0.02,1.0,2.0,61.28,2.17,-0.66,44.28,15.49,0.0,0.0,0.0,0.0,0.0,0.0,0.0,0.0,0.0,0.0,0.0,0.0,0.0,0.0,0.0,0.0,893692.0,-5.0,26.0,11.0,17.0,0.0,263239.0,31.0,0.08,2.0,2.0,-0.58,10.15,-2.14,-6.28,-2.31,31196.0,-15.0,0.0,13.0,-91.0,0.0,-664457.0,1.1,0.0,27.0,8.0,-8.68,1.36,-4.31,-2.94,-2.79,0.0,0.0,0.0,0.0,0.0,0.0,0.0,0.0,0.0,0.0,0.0,0.0,0.0,0.0,0.0,0.0,0.0,0.0,0.0,0.0,0.0,0.0,0.0,0.0,0.0,0.0,0.0,0.0,0.0,0.0,0.0,0.0,98463.0,0.0,2.0,7.0,-61.0,0.0,-314594.0,3.4,0.01,3.0,3.0,-0.68,53.83,-1.88,20.95,-73.59,0.0,0.0,0.0,0.0,0.0,0.0,0.0,0.0,0.0,0.0,0.0,0.0,0.0,0.0,0.0,0.0,36452.0,-25.0,1.0,4.0,-74.0,0.0,-216626.0,1.3,0.0,3.0,2.0,-13.9,-12.79,-3.83,-10.15,12.88,1240936.0,0.0,36.0,19.0,8.0,0.0,197328.0,43.0,0.07,5.0,4.0,20.38,5.31,4.54,-1.1,11.64
Namibia,780503.0,-6.0,16.0,4.0,47.0,0.8,504500.0,314.8,0.11,9.0,7.0,-3.66,-4.11,-0.28,-1.87,2.6,200728.0,-15.0,4.0,9.0,-51.0,1.0,-432249.0,80.9,0.03,9.0,4.0,-9.65,-2.29,-4.38,-3.58,0.61,45878.0,0.0,0.0,2.0,-56.0,0.7,-117056.0,18.5,0.01,5.0,6.0,0.76,0.45,-2.97,2.53,0.76,4636.0,-27.0,0.0,1.0,-87.0,0.5,-66838.0,1.9,0.0,22.0,2.0,-14.46,-3.63,-9.16,1.41,-3.08,44480.0,-26.0,0.0,10.0,-87.0,1.2,-630138.0,17.9,0.0,4.0,4.0,-13.72,-1.19,-2.0,-12.91,2.39,20938.0,0.0,0.0,1.0,-52.0,0.6,-47133.0,8.4,0.01,3.0,3.0,-2.43,6.3,-4.3,-2.96,-1.47,722418.0,7.0,15.0,11.0,-2.0,0.9,-43412.0,291.3,0.06,5.0,4.0,12.56,27.69,-1.93,0.88,-14.07,67543.0,-21.0,1.0,7.0,-76.0,0.4,-446139.0,27.2,0.0,18.0,2.0,-11.46,-7.96,-4.89,1.78,-0.39,7851.0,-31.0,0.0,2.0,-91.0,0.8,-176601.0,3.2,0.0,21.0,3.0,-15.28,-11.59,-7.77,-2.57,6.64,36767.0,15.0,0.0,3.0,-70.0,0.8,-173038.0,14.8,0.0,2.0,2.0,13.52,6.93,-7.41,5.01,8.99,321668.0,-2.0,6.0,15.0,-52.0,0.2,-718794.0,129.7,0.02,3.0,4.0,-2.65,11.4,-10.03,-2.95,-1.06,1857.0,-32.0,0.0,2.0,-97.0,0.5,-167772.0,0.7,0.0,26.0,3.0,-16.12,-12.29,-6.35,2.55,-0.03,23513.0,-30.0,0.0,6.0,-89.0,0.4,-392751.0,9.5,0.0,17.0,5.0,-15.4,-11.69,-7.5,-1.38,5.17,2255663.0,-1.0,46.0,23.0,16.0,1.5,648496.0,909.6,0.12,3.0,5.0,17.8,-2.09,2.69,13.38,3.82
Niger,160462.0,-1.0,17.0,10.0,-10.0,0.2,-35832.0,7.8,0.02,2.0,2.0,-0.22,8.34,-3.91,11.41,-16.06,185889.0,20.0,20.0,14.0,-18.0,0.7,-86553.0,9.0,0.03,2.0,3.0,23.45,56.28,-0.82,-1.32,-30.7,0.0,0.0,0.0,0.0,0.0,0.0,0.0,0.0,0.0,0.0,0.0,0.0,0.0,0.0,0.0,0.0,29088.0,-1.0,3.0,1.0,11.0,2.9,5973.0,1.4,0.01,5.0,1.0,-0.65,7.27,2.27,-13.84,3.65,5238.0,9.0,0.0,7.0,-92.0,0.2,-137221.0,0.3,0.0,10.0,5.0,11.34,44.87,-0.33,-2.51,-30.69,0.0,0.0,0.0,0.0,0.0,0.0,0.0,0.0,0.0,0.0,0.0,0.0,0.0,0.0,0.0,0.0,0.0,0.0,0.0,0.0,0.0,0.0,0.0,0.0,0.0,0.0,0.0,0.0,0.0,0.0,0.0,0.0,7177.0,-8.0,0.0,8.0,-90.0,0.4,-144728.0,0.3,0.0,9.0,5.0,-4.4,7.23,0.16,-2.28,-9.51,1209.0,-15.0,0.0,3.0,-96.0,1.4,-72752.0,0.1,0.0,3.0,2.0,-9.31,-8.53,-0.69,1.92,-2.02,1837.0,-1.0,0.0,3.0,-93.0,0.4,-54476.0,0.1,0.0,3.0,2.0,-1.94,13.0,0.76,-8.5,-7.19,36187.0,54.0,3.0,30.0,-87.0,0.2,-525502.0,1.8,0.0,3.0,3.0,91.81,77.73,-0.53,5.56,9.04,0.0,0.0,0.0,0.0,0.0,0.0,0.0,0.0,0.0,0.0,0.0,0.0,0.0,0.0,0.0,0.0,1738.0,-5.0,0.0,5.0,-96.0,0.2,-92501.0,0.1,0.0,16.0,7.0,-3.6,12.6,2.72,-7.67,-11.25,451760.0,17.0,48.0,4.0,67.0,1.1,364208.0,21.9,0.02,2.0,2.0,55.82,9.39,20.82,-1.89,27.49
Nigeria,573596.0,-56.0,1.0,6.0,-58.0,0.0,-1587052.0,3.1,0.08,4.0,7.0,-19.23,-18.75,-3.55,-10.61,13.68,262736.0,-43.0,0.0,8.0,-83.0,0.0,-2582348.0,1.4,0.04,4.0,9.0,-17.92,-16.3,-0.45,-14.83,13.67,24454.0,-5.0,0.0,1.0,-92.0,0.0,-621329.0,0.1,0.01,7.0,5.0,-3.81,-8.15,-1.1,-5.06,10.49,26152.0,-45.0,0.0,0.0,-85.0,0.0,-304659.0,0.1,0.01,2.0,7.0,-18.18,-17.85,-0.55,-14.93,15.16,142309.0,-21.0,0.0,12.0,-93.0,0.0,-4291479.0,0.8,0.01,4.0,7.0,-11.7,-12.11,-0.66,-5.51,6.58,50742.0,-55.0,0.0,0.0,-32.0,0.0,-47909.0,0.3,0.02,3.0,3.0,-19.29,-15.55,-1.54,-13.29,11.08,118214.0,-35.0,0.0,6.0,-89.0,0.0,-2070568.0,0.6,0.01,8.0,9.0,-15.88,-15.88,-0.06,-4.14,4.2,14055.0,-39.0,0.0,17.0,-99.0,0.0,-6146246.0,0.1,0.0,1.0,1.0,-17.06,-17.31,1.48,2.4,-3.63,0.0,0.0,0.0,0.0,0.0,0.0,0.0,0.0,0.0,0.0,0.0,0.0,0.0,0.0,0.0,0.0,0.0,0.0,0.0,0.0,0.0,0.0,0.0,0.0,0.0,0.0,0.0,0.0,0.0,0.0,0.0,0.0,0.0,0.0,0.0,0.0,0.0,0.0,0.0,0.0,0.0,0.0,0.0,0.0,0.0,0.0,0.0,0.0,0.0,0.0,0.0,0.0,0.0,0.0,0.0,0.0,0.0,0.0,0.0,0.0,0.0,0.0,0.0,0.0,21331.0,-34.0,0.0,3.0,-96.0,0.0,-1074198.0,0.1,0.0,3.0,6.0,-16.23,-17.47,-3.98,-9.35,14.56,31719193.0,-28.0,96.0,28.0,52.0,0.0,21709421.0,170.5,1.68,1.0,12.0,-9.48,-8.51,1.41,-1.83,-0.55
Rwanda,179585.0,-2.0,28.0,7.0,12.0,1.0,39157.0,15.1,0.02,5.0,4.0,-0.46,3.94,-3.43,-4.42,3.45,76291.0,12.0,12.0,11.0,-46.0,1.3,-132642.0,6.4,0.01,9.0,1.0,13.19,30.71,-6.2,2.81,-14.14,0.0,0.0,0.0,0.0,0.0,0.0,0.0,0.0,0.0,0.0,0.0,0.0,0.0,0.0,0.0,0.0,0.0,0.0,0.0,0.0,0.0,0.0,0.0,0.0,0.0,0.0,0.0,0.0,0.0,0.0,0.0,0.0,8839.0,25.0,1.0,14.0,-93.0,1.2,-248852.0,0.7,0.0,6.0,2.0,33.67,35.86,-0.18,2.65,-4.67,7859.0,-3.0,1.0,1.0,-48.0,1.4,-14681.0,0.7,0.0,6.0,3.0,-4.61,-2.5,1.52,-16.74,13.1,16453.0,0.0,2.0,13.0,-87.0,1.5,-228511.0,1.4,0.0,7.0,3.0,4.81,12.07,-7.14,-4.78,4.66,16569.0,55.0,2.0,9.0,-82.0,1.8,-151625.0,1.4,0.0,28.0,4.0,108.39,87.12,-0.03,3.71,17.6,6238.0,50.0,1.0,8.0,-92.0,1.3,-144628.0,0.5,0.0,6.0,7.0,86.79,102.59,1.47,8.99,-26.27,0.0,0.0,0.0,0.0,0.0,0.0,0.0,0.0,0.0,0.0,0.0,0.0,0.0,0.0,0.0,0.0,11195.0,-23.0,1.0,7.0,-85.0,1.0,-127067.0,0.9,0.0,6.0,5.0,-13.13,-11.61,-5.69,-5.54,9.71,0.0,0.0,0.0,0.0,0.0,0.0,0.0,0.0,0.0,0.0,0.0,0.0,0.0,0.0,0.0,0.0,7542.0,9.0,1.0,8.0,-90.0,1.1,-146581.0,0.6,0.0,15.0,4.0,8.66,31.28,-2.88,-3.69,-16.05,197808.0,0.0,31.0,2.0,60.0,1.5,149651.0,16.6,0.01,4.0,5.0,21.17,9.78,12.75,-15.45,14.1
Sao Tome and Principe,9063.0,15.0,86.0,8.0,-14.0,0.9,-3112.0,45.3,0.0,1.0,1.0,18.17,-16.5,0.66,5.48,28.53,0.0,0.0,0.0,0.0,0.0,0.0,0.0,0.0,0.0,0.0,0.0,0.0,0.0,0.0,0.0,0.0,0.0,0.0,0.0,0.0,0.0,0.0,0.0,0.0,0.0,0.0,0.0,0.0,0.0,0.0,0.0,0.0,0.0,0.0,0.0,0.0,0.0,0.0,0.0,0.0,0.0,0.0,0.0,0.0,0.0,0.0,0.0,0.0,0.0,0.0,0.0,0.0,0.0,0.0,0.0,0.0,0.0,0.0,0.0,0.0,0.0,0.0,0.0,0.0,0.0,0.0,0.0,0.0,0.0,0.0,0.0,0.0,0.0,0.0,0.0,0.0,0.0,0.0,0.0,0.0,0.0,0.0,0.0,0.0,0.0,0.0,0.0,0.0,0.0,0.0,0.0,0.0,0.0,0.0,0.0,0.0,0.0,0.0,0.0,0.0,0.0,0.0,0.0,0.0,0.0,0.0,0.0,0.0,0.0,0.0,0.0,0.0,0.0,0.0,0.0,0.0,0.0,0.0,0.0,0.0,0.0,0.0,0.0,0.0,0.0,0.0,0.0,0.0,0.0,0.0,0.0,0.0,0.0,0.0,0.0,0.0,0.0,0.0,0.0,0.0,0.0,0.0,0.0,0.0,0.0,0.0,0.0,0.0,0.0,0.0,0.0,0.0,0.0,0.0,0.0,0.0,0.0,0.0,0.0,0.0,0.0,0.0,0.0,0.0,0.0,0.0,0.0,0.0,0.0,0.0,0.0,0.0,0.0,0.0,0.0,0.0,0.0,0.0,0.0,0.0,0.0,0.0,0.0,0.0,0.0,0.0,0.0,0.0,0.0,0.0,0.0,0.0,0.0,0.0,0.0,0.0,0.0,0.0,0.0,0.0,0.0,0.0,0.0,0.0,0.0,0.0,0.0,0.0
Senegal,574496.0,8.0,21.0,12.0,-8.0,0.8,-100564.0,37.3,0.08,16.0,15.0,8.99,4.24,1.13,5.67,-2.05,389781.0,0.0,14.0,11.0,-24.0,1.0,-256391.0,25.3,0.05,8.0,16.0,0.54,4.77,-1.04,0.17,-3.36,23022.0,0.0,0.0,2.0,-71.0,2.2,-114561.0,1.5,0.01,5.0,9.0,0.7,2.93,2.42,-2.1,-2.54,6732.0,-5.0,0.0,1.0,-83.0,0.9,-67446.0,0.4,0.0,6.0,4.0,-4.14,9.28,2.0,-3.01,-12.4,364600.0,-2.0,13.0,11.0,-27.0,0.8,-275104.0,23.7,0.02,3.0,3.0,-0.35,-0.27,1.33,-1.35,-0.06,11087.0,8.0,0.0,0.0,-17.0,0.6,-4721.0,0.7,0.01,3.0,4.0,5.28,34.4,4.22,-10.23,-23.11,295410.0,-6.0,11.0,8.0,-21.0,0.9,-162520.0,19.2,0.03,2.0,3.0,-1.4,-2.9,2.52,-1.92,0.91,32492.0,-10.0,1.0,11.0,-90.0,0.5,-609995.0,2.1,0.0,20.0,16.0,-5.81,4.4,-4.4,-1.57,-4.24,13592.0,13.0,0.0,3.0,-86.0,0.2,-179040.0,0.9,0.0,3.0,4.0,15.1,21.64,-1.46,0.73,-5.81,19977.0,-4.0,0.0,2.0,-77.0,0.2,-133972.0,1.3,0.0,2.0,9.0,-4.33,-0.45,-3.26,-0.69,0.07,23030.0,-22.0,0.0,8.0,-90.0,1.6,-436710.0,1.5,0.0,12.0,15.0,-12.9,-11.81,-1.64,-2.22,2.76,1418.0,-5.0,0.0,0.0,-91.0,1.0,-29172.0,0.1,0.0,12.0,12.0,-5.25,-2.78,16.07,-0.74,-17.82,87598.0,17.0,3.0,3.0,-41.0,0.6,-123452.0,5.7,0.01,4.0,7.0,19.0,13.38,4.7,2.32,-1.4,446464.0,0.0,16.0,20.0,-43.0,0.8,-693340.0,29.0,0.02,3.0,9.0,20.14,12.02,5.12,2.43,0.57
Seychelles,221887.0,157.0,39.0,16.0,28.0,0.8,98874.0,2343.6,0.03,3.0,5.0,919.92,947.54,1.84,7.75,-37.21,281268.0,-9.0,49.0,10.0,56.0,1.2,203561.0,2970.8,0.04,1.0,4.0,-6.16,-3.49,-0.42,-3.05,0.79,0.0,0.0,0.0,0.0,0.0,0.0,0.0,0.0,0.0,0.0,0.0,0.0,0.0,0.0,0.0,0.0,0.0,0.0,0.0,0.0,0.0,0.0,0.0,0.0,0.0,0.0,0.0,0.0,0.0,0.0,0.0,0.0,0.0,0.0,0.0,0.0,0.0,0.0,0.0,0.0,0.0,0.0,0.0,0.0,0.0,0.0,0.0,0.0,0.0,0.0,0.0,0.0,0.0,0.0,0.0,0.0,0.0,0.0,0.0,0.0,0.0,0.0,0.0,0.0,0.0,0.0,0.0,0.0,0.0,0.0,0.0,0.0,0.0,0.0,0.0,0.0,0.0,0.0,0.0,0.0,0.0,0.0,0.0,0.0,0.0,0.0,0.0,0.0,0.0,0.0,0.0,0.0,0.0,0.0,0.0,0.0,0.0,0.0,0.0,0.0,0.0,0.0,0.0,0.0,0.0,0.0,0.0,0.0,0.0,0.0,0.0,0.0,0.0,0.0,0.0,0.0,0.0,0.0,0.0,0.0,0.0,0.0,0.0,0.0,0.0,0.0,0.0,0.0,2914.0,-27.0,0.0,12.0,-93.0,0.0,-90509.0,30.8,0.0,4.0,4.0,-14.64,-14.36,1.24,2.17,-3.68,0.0,0.0,0.0,0.0,0.0,0.0,0.0,0.0,0.0,0.0,0.0,0.0,0.0,0.0,0.0,0.0,21505.0,47.0,3.0,13.0,-64.0,1.0,-77894.0,227.1,0.0,5.0,5.0,75.87,69.05,1.28,2.52,3.02,14324.0,-47.0,2.0,7.0,-60.0,0.5,-43629.0,151.3,0.0,2.0,2.0,-16.87,-17.46,8.23,-27.83,20.21
Sierra Leone,171550.0,21.0,36.0,14.0,10.0,1.2,32356.0,23.2,0.02,3.0,2.0,26.86,-1.65,0.24,4.14,24.12,0.0,0.0,0.0,0.0,0.0,0.0,0.0,0.0,0.0,0.0,0.0,0.0,0.0,0.0,0.0,0.0,0.0,0.0,0.0,0.0,0.0,0.0,0.0,0.0,0.0,0.0,0.0,0.0,0.0,0.0,0.0,0.0,0.0,0.0,0.0,0.0,0.0,0.0,0.0,0.0,0.0,0.0,0.0,0.0,0.0,0.0,0.0,0.0,0.0,0.0,0.0,0.0,0.0,0.0,0.0,0.0,0.0,0.0,0.0,0.0,0.0,0.0,0.0,0.0,0.0,0.0,0.0,0.0,0.0,0.0,0.0,0.0,0.0,0.0,0.0,0.0,0.0,0.0,0.0,0.0,0.0,0.0,0.0,0.0,0.0,0.0,0.0,0.0,0.0,0.0,0.0,0.0,0.0,0.0,0.0,0.0,4744.0,-31.0,1.0,9.0,-90.0,0.6,-86761.0,0.6,0.0,7.0,3.0,-15.18,-12.5,-1.18,-4.17,2.67,0.0,0.0,0.0,0.0,0.0,0.0,0.0,0.0,0.0,0.0,0.0,0.0,0.0,0.0,0.0,0.0,0.0,0.0,0.0,0.0,0.0,0.0,0.0,0.0,0.0,0.0,0.0,0.0,0.0,0.0,0.0,0.0,6839.0,-42.0,1.0,9.0,-86.0,0.9,-86551.0,0.9,0.0,3.0,5.0,-17.81,-17.96,2.22,-5.81,3.74,0.0,0.0,0.0,0.0,0.0,0.0,0.0,0.0,0.0,0.0,0.0,0.0,0.0,0.0,0.0,0.0,1528.0,-36.0,0.0,6.0,-94.0,1.4,-56572.0,0.2,0.0,4.0,3.0,-16.73,-17.82,0.9,-0.98,1.17,0.0,0.0,0.0,0.0,0.0,0.0,0.0,0.0,0.0,0.0,0.0,0.0,0.0,0.0,0.0,0.0
Somalia,535640.0,7.0,94.0,22.0,9.0,0.8,96574.0,37.4,0.07,4.0,2.0,7.85,-0.05,2.69,2.84,2.37,14594.0,52.0,2.0,32.0,-95.0,0.0,-637633.0,1.0,0.0,3.0,3.0,91.33,57.97,1.76,-6.07,37.67,0.0,0.0,0.0,0.0,0.0,0.0,0.0,0.0,0.0,0.0,0.0,0.0,0.0,0.0,0.0,0.0,0.0,0.0,0.0,0.0,0.0,0.0,0.0,0.0,0.0,0.0,0.0,0.0,0.0,0.0,0.0,0.0,1621.0,-11.0,0.0,6.0,-97.0,0.6,-117836.0,0.1,0.0,1.0,1.0,-6.57,-4.59,-1.21,-1.92,1.15,2244.0,-24.0,0.0,5.0,-96.0,0.5,-110522.0,0.2,0.0,2.0,3.0,-14.12,-7.2,1.65,-11.64,3.08,0.0,0.0,0.0,0.0,0.0,0.0,0.0,0.0,0.0,0.0,0.0,0.0,0.0,0.0,0.0,0.0,0.0,0.0,0.0,0.0,0.0,0.0,0.0,0.0,0.0,0.0,0.0,0.0,0.0,0.0,0.0,0.0,0.0,0.0,0.0,0.0,0.0,0.0,0.0,0.0,0.0,0.0,0.0,0.0,0.0,0.0,0.0,0.0,0.0,0.0,0.0,0.0,0.0,0.0,0.0,0.0,0.0,0.0,0.0,0.0,0.0,0.0,0.0,0.0,0.0,0.0,0.0,0.0,0.0,0.0,0.0,0.0,0.0,0.0,0.0,0.0,0.0,0.0,0.0,0.0,0.0,0.0,0.0,0.0,0.0,0.0,0.0,0.0,0.0,0.0,0.0,0.0,0.0,0.0,0.0,0.0,0.0,0.0,0.0,0.0,0.0,0.0,0.0,0.0,0.0,0.0,0.0,0.0,0.0,0.0,0.0,0.0,0.0,0.0,0.0,0.0,0.0,0.0,0.0,0.0,0.0,0.0,0.0,0.0,0.0,0.0,0.0,0.0
South Africa,5143152.0,1.0,6.0,4.0,19.0,1.5,1669567.0,92.0,0.7,24.0,22.0,2.26,2.9,-0.58,3.34,-3.39,4175097.0,-3.0,5.0,4.0,6.0,1.3,542093.0,74.7,0.56,41.0,20.0,-1.97,1.61,-2.26,0.0,-1.33,1967908.0,0.0,2.0,1.0,15.0,1.2,524455.0,35.2,0.6,6.0,15.0,0.34,1.82,-0.79,1.05,-1.74,409870.0,-3.0,0.0,1.0,-51.0,0.8,-866558.0,7.3,0.14,22.0,14.0,-2.1,4.02,-3.88,3.17,-5.41,5881890.0,-7.0,7.0,12.0,-24.0,1.2,-3721222.0,105.2,0.31,62.0,25.0,-3.93,-1.01,-0.83,-1.58,-0.51,396117.0,0.0,0.0,1.0,-47.0,1.0,-725993.0,7.1,0.19,19.0,15.0,-1.86,2.37,-1.49,-0.49,-2.26,15306987.0,-5.0,20.0,6.0,52.0,1.4,10555494.0,273.8,1.34,11.0,14.0,-1.07,1.62,-0.67,-1.66,-0.36,4980856.0,-8.0,6.0,12.0,-29.0,1.2,-4151558.0,89.1,0.35,10.0,17.0,-4.42,-2.08,-1.96,2.4,-2.77,908023.0,-5.0,1.0,7.0,-73.0,1.2,-4984624.0,16.2,0.08,17.0,19.0,-3.55,1.86,-2.54,1.1,-3.96,1167306.0,-6.0,1.0,4.0,-49.0,1.0,-2247995.0,20.9,0.09,40.0,16.0,-5.23,-0.72,-2.79,-0.38,-1.34,9834726.0,1.0,13.0,9.0,16.0,1.0,2747057.0,175.9,0.59,7.0,10.0,0.45,1.89,-1.86,2.95,-2.53,492214.0,0.0,0.0,2.0,-57.0,1.0,-1350524.0,8.8,0.11,26.0,6.0,-2.32,1.6,0.32,7.71,-11.95,2137385.0,-3.0,2.0,6.0,-36.0,1.0,-2448065.0,38.2,0.16,56.0,19.0,-2.77,1.65,-1.78,2.32,-4.96,17454299.0,-11.0,23.0,15.0,20.0,1.6,6048765.0,312.2,0.93,10.0,11.0,4.84,1.3,7.98,-2.7,-1.74
Swaziland,26541.0,2.0,1.0,7.0,-61.0,1.1,-84469.0,19.8,0.0,8.0,6.0,3.74,6.73,0.69,-1.14,-2.54,920637.0,0.0,57.0,14.0,63.0,2.1,715982.0,685.5,0.12,3.0,2.0,0.63,0.17,-3.35,1.9,1.91,87285.0,3.0,5.0,3.0,30.0,0.9,41010.0,65.0,0.03,4.0,1.0,3.53,3.95,-1.61,-0.87,2.05,31509.0,2.0,1.0,3.0,-22.0,0.8,-18769.0,23.5,0.01,3.0,1.0,2.05,1.37,-3.92,0.26,4.35,233915.0,-8.0,14.0,14.0,4.0,3.3,21693.0,174.2,0.01,2.0,2.0,-4.45,-0.97,-1.52,-3.92,1.96,0.0,0.0,0.0,0.0,0.0,0.0,0.0,0.0,0.0,0.0,0.0,0.0,0.0,0.0,0.0,0.0,22475.0,25.0,1.0,8.0,-68.0,1.0,-99754.0,16.7,0.0,4.0,3.0,39.42,42.23,-0.21,-5.35,2.75,34750.0,24.0,2.0,5.0,-36.0,1.4,-39792.0,25.9,0.0,24.0,9.0,32.78,39.26,-3.87,-0.67,-1.94,0.0,0.0,0.0,0.0,0.0,0.0,0.0,0.0,0.0,0.0,0.0,0.0,0.0,0.0,0.0,0.0,18035.0,42.0,1.0,3.0,-48.0,1.8,-34136.0,13.4,0.0,13.0,7.0,57.57,54.88,-3.45,4.95,1.18,4222.0,-2.0,0.0,7.0,-92.0,1.2,-105109.0,3.1,0.0,11.0,6.0,-2.62,3.42,-7.22,1.42,-0.24,154428.0,7.0,9.0,2.0,60.0,0.9,116052.0,115.0,0.03,10.0,1.0,4.76,11.76,-3.91,-0.34,-2.75,34576.0,-12.0,2.0,8.0,-54.0,1.6,-84034.0,25.7,0.0,6.0,3.0,-8.14,-4.26,-3.85,-3.9,3.87,25604.0,-32.0,1.0,13.0,-76.0,1.6,-162383.0,19.1,0.0,5.0,2.0,-11.94,-14.96,26.68,-40.24,16.59
Sudan,1131929.0,-6.0,35.0,9.0,24.0,1.0,443612.0,21.8,0.16,5.0,4.0,-3.54,-3.22,-2.54,-3.65,5.87,111014.0,-5.0,3.0,15.0,-80.0,0.6,-930502.0,2.1,0.02,3.0,8.0,-3.7,4.39,2.05,-7.81,-2.33,14936.0,-10.0,0.0,2.0,-81.0,1.6,-133928.0,0.3,0.0,2.0,1.0,-7.09,0.79,1.23,8.66,-17.77,0.0,0.0,0.0,0.0,0.0,0.0,0.0,0.0,0.0,0.0,0.0,0.0,0.0,0.0,0.0,0.0,14968.0,-39.0,0.0,16.0,-97.0,0.8,-1122951.0,0.3,0.0,2.0,2.0,-17.02,-16.44,0.5,-13.82,12.74,4579.0,-46.0,0.0,2.0,-95.0,0.8,-188120.0,0.1,0.0,2.0,3.0,-18.49,-16.35,0.57,-14.51,11.8,11346.0,-4.0,0.0,9.0,-96.0,0.8,-678157.0,0.2,0.0,2.0,3.0,0.08,-1.44,4.96,-7.08,3.64,2275.0,-33.0,0.0,12.0,-99.0,0.2,-858436.0,0.0,0.0,4.0,4.0,-15.76,-16.91,-1.35,10.38,-7.87,0.0,0.0,0.0,0.0,0.0,0.0,0.0,0.0,0.0,0.0,0.0,0.0,0.0,0.0,0.0,0.0,0.0,0.0,0.0,0.0,0.0,0.0,0.0,0.0,0.0,0.0,0.0,0.0,0.0,0.0,0.0,0.0,4138.0,-46.0,0.0,6.0,-98.0,0.3,-461831.0,0.1,0.0,3.0,3.0,-18.45,-19.06,8.91,-15.76,7.46,0.0,0.0,0.0,0.0,0.0,0.0,0.0,0.0,0.0,0.0,0.0,0.0,0.0,0.0,0.0,0.0,6227.0,0.0,0.0,7.0,-97.0,0.6,-499942.0,0.1,0.0,2.0,2.0,-0.28,-1.2,-1.2,-7.57,9.7,1901229.0,-11.0,59.0,0.0,97.0,0.6,1875894.0,36.7,0.1,1.0,1.0,4.33,-3.93,8.68,0.8,-1.23
United Republic of Tanzania,1568661.0,2.0,35.0,3.0,69.0,2.7,1285297.0,28.2,0.21,9.0,9.0,3.43,-0.34,2.3,-0.62,2.09,254611.0,-3.0,5.0,8.0,-44.0,1.2,-403434.0,4.6,0.03,20.0,9.0,-2.09,-4.87,-1.69,4.04,0.43,59234.0,0.0,1.0,2.0,-44.0,1.4,-95720.0,1.1,0.02,7.0,4.0,0.86,-5.11,3.47,2.27,0.23,89948.0,-4.0,2.0,2.0,-29.0,0.8,-74312.0,1.6,0.03,8.0,7.0,-2.84,-0.38,-1.19,-6.59,5.32,99058.0,-11.0,2.0,18.0,-86.0,0.5,-1313424.0,1.8,0.01,14.0,7.0,-6.59,-8.83,-0.82,-5.12,8.19,4079.0,-28.0,0.0,0.0,-85.0,0.5,-49432.0,0.1,0.0,4.0,7.0,-15.25,-7.87,2.41,-11.51,1.72,128036.0,-10.0,2.0,10.0,-71.0,1.0,-652011.0,2.3,0.01,11.0,5.0,-4.48,-4.0,-3.09,-6.57,9.19,14003.0,-46.0,0.0,11.0,-96.0,0.4,-877431.0,0.3,0.0,16.0,7.0,-18.14,-17.83,-2.12,-5.16,6.98,7336.0,-1.0,0.0,3.0,-95.0,0.2,-292808.0,0.1,0.0,3.0,3.0,-0.46,0.36,-0.97,2.11,-1.96,6311.0,-28.0,0.0,4.0,-96.0,0.9,-369356.0,0.1,0.0,3.0,2.0,-15.14,-14.73,1.22,-0.78,-0.85,7779.0,-42.0,0.0,13.0,-98.0,0.2,-1049225.0,0.1,0.0,7.0,6.0,-17.91,-17.66,-2.85,-5.23,7.83,47583.0,40.0,1.0,1.0,-27.0,0.2,-35358.0,0.9,0.01,5.0,4.0,52.55,22.88,7.31,-5.05,27.42,124003.0,5.0,2.0,4.0,-43.0,0.9,-193997.0,2.2,0.01,7.0,2.0,5.28,-9.13,-0.31,-6.17,20.9,465248.0,-17.0,10.0,14.0,-41.0,0.4,-670613.0,8.4,0.02,2.0,5.0,-1.54,-10.12,5.13,18.45,-14.99
Togo,81604.0,-8.0,11.0,5.0,-4.0,0.4,-8080.0,10.7,0.01,2.0,11.0,-5.18,-3.33,2.67,-4.07,-0.45,111064.0,6.0,15.0,8.0,-13.0,3.0,-33324.0,14.6,0.02,10.0,5.0,6.39,-0.94,0.03,3.05,4.25,1685.0,-15.0,0.0,1.0,-84.0,0.3,-18975.0,0.2,0.0,6.0,4.0,-9.67,-9.48,4.39,117.41,-121.99,19522.0,-3.0,2.0,5.0,-66.0,0.3,-78203.0,2.6,0.01,4.0,6.0,-2.75,3.35,5.66,-6.3,-5.47,91679.0,2.0,12.0,18.0,-55.0,0.6,-226610.0,12.1,0.0,4.0,6.0,3.59,9.45,-1.04,-6.27,1.46,0.0,0.0,0.0,0.0,0.0,0.0,0.0,0.0,0.0,0.0,0.0,0.0,0.0,0.0,0.0,0.0,77147.0,-21.0,10.0,10.0,-40.0,1.4,-102910.0,10.1,0.01,3.0,3.0,-11.07,-9.34,-2.44,-2.81,3.52,32207.0,8.0,4.0,11.0,-71.0,0.4,-161455.0,4.2,0.0,14.0,7.0,10.71,18.22,0.49,-1.08,-6.92,0.0,0.0,0.0,0.0,0.0,0.0,0.0,0.0,0.0,0.0,0.0,0.0,0.0,0.0,0.0,0.0,0.0,0.0,0.0,0.0,0.0,0.0,0.0,0.0,0.0,0.0,0.0,0.0,0.0,0.0,0.0,0.0,52047.0,-9.0,7.0,10.0,-55.0,0.3,-127725.0,6.8,0.0,4.0,6.0,-7.12,-10.11,-9.12,-5.3,17.41,0.0,0.0,0.0,0.0,0.0,0.0,0.0,0.0,0.0,0.0,0.0,0.0,0.0,0.0,0.0,0.0,118311.0,4.0,16.0,3.0,27.0,0.4,50380.0,15.6,0.01,4.0,5.0,4.18,-0.01,5.12,4.25,-5.19,95139.0,-16.0,13.0,14.0,-43.0,1.1,-145476.0,12.5,0.01,1.0,3.0,-0.79,-7.62,1.97,-9.76,14.63
Uganda,1002562.0,4.0,40.0,4.0,62.0,0.8,773795.0,24.2,0.14,6.0,12.0,4.85,3.75,-0.4,-1.13,2.63,374320.0,0.0,15.0,9.0,-12.0,0.8,-102058.0,9.0,0.05,16.0,5.0,0.69,9.08,-1.17,3.86,-11.08,42350.0,12.0,1.0,2.0,-53.0,2.0,-98275.0,1.0,0.01,11.0,3.0,12.69,1.42,0.88,-2.38,12.77,13591.0,-8.0,0.0,3.0,-83.0,2.3,-137042.0,0.3,0.0,16.0,4.0,-5.9,1.53,-1.64,-7.89,2.09,113229.0,5.0,4.0,19.0,-78.0,0.8,-818223.0,2.7,0.01,11.0,7.0,6.53,11.98,-0.69,-1.69,-3.08,55230.0,4.0,2.0,1.0,-11.0,0.9,-14411.0,1.3,0.03,3.0,4.0,1.04,15.26,1.65,-10.34,-5.54,168957.0,-11.0,6.0,9.0,-47.0,1.7,-309274.0,4.1,0.01,6.0,5.0,-5.11,5.72,-3.6,-1.77,-5.46,47525.0,-7.0,1.0,7.0,-77.0,1.1,-335413.0,1.1,0.0,34.0,8.0,-3.88,4.89,-1.09,-3.06,-4.62,24595.0,-36.0,0.0,3.0,-74.0,0.3,-147186.0,0.6,0.0,3.0,2.0,-16.69,-16.73,-3.53,1.2,2.38,10106.0,0.0,0.0,3.0,-88.0,1.3,-154697.0,0.2,0.0,12.0,6.0,-1.3,-2.15,0.2,0.24,0.42,88339.0,0.0,3.0,9.0,-67.0,1.9,-364870.0,2.1,0.01,5.0,11.0,-0.08,56.63,-4.31,0.68,-53.07,5399.0,19.0,0.0,1.0,-85.0,3.2,-61777.0,0.1,0.0,10.0,6.0,16.87,16.7,6.86,38.05,-44.74,46357.0,-4.0,1.0,5.0,-69.0,0.4,-215659.0,1.1,0.0,19.0,8.0,-3.05,5.68,0.4,-8.92,-0.21,149339.0,-2.0,6.0,17.0,-70.0,1.6,-701547.0,3.6,0.01,2.0,2.0,15.82,92.79,2.47,1.23,-80.66
Zambia,398905.0,-15.0,7.0,4.0,41.0,1.0,232698.0,24.0,0.05,4.0,8.0,-9.16,-3.56,-1.97,2.65,-6.29,139537.0,-24.0,2.0,6.0,-32.0,0.8,-133468.0,8.4,0.02,6.0,6.0,-13.42,-13.09,-4.44,-7.95,12.06,95219.0,-2.0,1.0,2.0,-7.0,1.1,-16086.0,5.7,0.03,1.0,1.0,-1.58,-10.38,-11.42,-5.79,26.01,2394.0,-8.0,0.0,1.0,-93.0,1.2,-65711.0,0.1,0.0,4.0,2.0,-5.52,-1.53,-6.72,5.26,-2.53,24181.0,-44.0,0.0,18.0,-93.0,1.3,-728789.0,1.5,0.0,4.0,3.0,-17.93,-18.07,-2.15,-13.65,15.94,9590.0,21.0,0.0,0.0,-36.0,0.7,-11169.0,0.6,0.0,2.0,3.0,18.62,27.96,-4.11,-3.84,-1.39,4334400.0,-10.0,81.0,12.0,79.0,1.1,3837742.0,261.2,0.38,2.0,4.0,-4.92,-9.6,-3.43,-12.44,20.55,33572.0,-27.0,0.0,17.0,-90.0,1.2,-673497.0,2.0,0.0,18.0,3.0,-14.07,-9.22,-4.36,-2.66,2.17,2423.0,-30.0,0.0,5.0,-97.0,1.1,-213264.0,0.1,0.0,11.0,4.0,-15.26,-10.27,-2.37,-0.19,-2.43,11097.0,-32.0,0.0,6.0,-91.0,0.7,-241623.0,0.7,0.0,1.0,2.0,-16.04,-14.15,-3.52,-3.61,5.24,11486.0,-36.0,0.0,7.0,-92.0,0.4,-293453.0,0.7,0.0,10.0,3.0,-16.74,-10.17,-6.0,5.18,-5.75,0.0,0.0,0.0,0.0,0.0,0.0,0.0,0.0,0.0,0.0,0.0,0.0,0.0,0.0,0.0,0.0,6473.0,-50.0,0.0,5.0,-94.0,0.7,-217149.0,0.4,0.0,5.0,3.0,-18.78,-18.84,-6.34,-9.77,16.17,231404.0,-10.0,4.0,8.0,-19.0,0.2,-111972.0,13.9,0.01,4.0,9.0,5.89,-7.02,15.06,-12.46,10.31
Zimbabwe,995859.0,-1.0,35.0,11.0,23.0,0.9,374312.0,61.7,0.14,1.0,1.0,-0.37,-1.82,0.7,-1.55,2.31,117513.0,-12.0,4.0,9.0,-60.0,1.4,-360284.0,7.3,0.02,4.0,2.0,-7.79,-2.83,-0.3,-5.29,0.63,33256.0,-4.0,1.0,2.0,-53.0,1.3,-76056.0,2.1,0.01,5.0,3.0,-3.2,-6.38,-1.03,2.53,1.68,11277.0,-15.0,0.0,1.0,-69.0,1.0,-50246.0,0.7,0.0,7.0,2.0,-9.74,-7.35,-2.79,0.4,0.0,14567.0,-16.0,0.0,15.0,-96.0,1.2,-778885.0,0.9,0.0,18.0,3.0,-9.44,-8.71,-1.84,4.12,-3.01,5396.0,-1.0,0.0,0.0,-47.0,2.3,-9783.0,0.3,0.0,5.0,2.0,-3.19,8.98,-5.34,2.15,-8.98,188000.0,-13.0,6.0,6.0,-27.0,1.6,-143043.0,11.6,0.02,2.0,2.0,-6.26,-8.06,-1.02,6.78,-3.95,17304.0,0.0,0.0,8.0,-92.0,0.8,-430460.0,1.1,0.0,19.0,3.0,1.41,19.6,-4.95,5.25,-18.48,2288.0,19.0,0.0,3.0,-97.0,0.0,-182172.0,0.1,0.0,4.0,2.0,22.11,25.58,-2.41,5.49,-6.56,9687.0,-3.0,0.0,2.0,-84.0,0.6,-105922.0,0.6,0.0,7.0,2.0,-3.66,1.24,-2.22,-2.06,-0.62,11679.0,-17.0,0.0,6.0,-93.0,0.4,-319918.0,0.7,0.0,4.0,2.0,-10.94,48.08,-7.78,-5.65,-45.59,8501.0,11.0,0.0,0.0,-58.0,0.9,-23650.0,0.5,0.0,10.0,2.0,8.78,15.89,3.08,-3.47,-6.71,27203.0,-5.0,0.0,3.0,-73.0,0.9,-152039.0,1.7,0.0,6.0,3.0,-4.17,1.15,-4.31,2.64,-3.65,536504.0,-22.0,18.0,29.0,-47.0,6.0,-978492.0,33.2,0.03,3.0,2.0,-5.38,6.13,3.18,-8.29,-6.39
